trial_id,prompt,gold_answer,ai_suggestion,difficulty
1,"A 52-year-old manager is seeking help. He mentions experiencing combat experience. For lately, he has been experiencing avoidance of reminders and flashbacks. He also reports hypervigilance, startle response, intrusive thoughts. This has resulted in unable to function normally. He has mentioned self-harm. He is asking for recommendations on how to proceed.",Crisis,"AI Severity: Crisis; AI Concern: Trauma/PTSD; AI Recommendations: Immediate contact with a crisis hotline or emergency mental health services due to self-harm risk, Urgent referral to a trauma-specialized mental health professional (e.g., PTSD therapist or psychiatrist); AI Reasoning: The presence of self-harm, severe functional impairment, and classic PTSD symptoms (flashbacks, hypervigilance, avoidance) indicates an acute crisis requiring immediate intervention.",crisis
2,"A 19-year-old university freshman is seeking help. She mentions experiencing empty nest. For several months, she has been experiencing identity confusion and sense of loss. She also reports feeling overwhelmed, difficulty coping, anxiety about future. This has resulted in significant impairment in multiple areas. She is asking for recommendations on how to proceed.",High,"AI Severity: Moderate; AI Concern: Adjustment/life transitions; AI Recommendations: Encourage engagement with university counseling services for structured support and coping strategies, Recommend exploring peer support groups or mentorship programs to address identity confusion and sense of loss; AI Reasoning: The symptoms align with adjustment disorder due to life transition (university freshman), with notable impairment but no immediate crisis indicators. Professional counseling is beneficial for coping and identity development.",high
3,"A 26-year-old graduate student is seeking help. They mentions experiencing workplace conflicts. For several weeks, they has been experiencing emotional distress from relationships and relationship conflict. They also reports loneliness, resentment. This has resulted in some difficulty with work/school or relationships. They is looking for guidance on what to do next.",Moderate,"AI Severity: Moderate; AI Concern: Relationship/interpersonal issues; AI Recommendations: Consider short-term counseling or therapy to address relationship conflicts and emotional distress, Explore stress management techniques (e.g., mindfulness, journaling) to cope with loneliness and resentment; AI Reasoning: The individual reports notable emotional distress and difficulty functioning in work/school due to relationship conflicts and loneliness, indicating a need for professional support without immediate crisis signs.",moderate
4,"A 30-year-old healthcare worker is seeking help. She mentions experiencing loss of loved one. For about a week, she has been experiencing hypervigilance and avoidance of reminders. This has resulted in minimal impact on daily activities. She is asking for recommendations on how to proceed.",Low,"AI Severity: Moderate; AI Concern: Trauma/PTSD; AI Recommendations: Consider short-term grief counseling or trauma-informed therapy to address hypervigilance and avoidance symptoms, Practice grounding techniques (e.g., mindfulness, deep breathing) to manage acute stress responses; AI Reasoning: The symptoms (hypervigilance, avoidance) align with acute stress reactions following a loss, though daily functioning remains minimally impacted, suggesting moderate severity rather than crisis.",low
5,"A 26-year-old graduate student is seeking help. They mentions experiencing loss of loved one. For the past week, they has been experiencing flashbacks and hypervigilance. They also reports irritability, avoidance of reminders, intrusive thoughts. This has resulted in unable to function normally. They has mentioned psychotic symptoms. They wants to know what kind of help would be most appropriate.",Crisis,"AI Severity: High; AI Concern: Trauma/PTSD; AI Recommendations: Immediate evaluation by a mental health professional (e.g., psychiatrist or psychologist) for trauma-focused therapy (e.g., EMDR or CBT) and potential medication assessment, Urgent referral to a crisis intervention service or psychiatric evaluation if psychotic symptoms are confirmed to rule out acute psychosis or severe PTSD; AI Reasoning: The combination of recent trauma (loss of a loved one), flashbacks, hypervigilance, avoidance, and psychotic symptoms suggests severe PTSD or a possible comorbid condition requiring urgent professional intervention.",crisis
6,"A 26-year-old graduate student is seeking help. They mentions experiencing retirement. For the past week, they has been experiencing uncertainty and anxiety about future. They also reports identity confusion, stress from change, feeling overwhelmed. This has resulted in unable to function normally. They has mentioned suicidal thoughts. They is asking for recommendations on how to proceed.",Crisis,"AI Severity: Crisis; AI Concern: Depression/Mood disorders; AI Recommendations: Seek immediate professional help (e.g., crisis hotline, emergency psychiatric services, or a licensed mental health professional), Reach out to a trusted person for support and safety planning; AI Reasoning: The presence of suicidal thoughts, inability to function normally, and acute distress indicate an immediate safety risk requiring urgent intervention.",crisis
7,"A 26-year-old graduate student is seeking help. They mentions experiencing peer pressure. For 3 weeks, they has been experiencing using to cope and cravings. They also reports tolerance, neglecting responsibilities, withdrawal symptoms. This has resulted in some difficulty with work/school or relationships. They is asking for recommendations on how to proceed.",Moderate,"AI Severity: High; AI Concern: Substance use concerns; AI Recommendations: Seek evaluation by an addiction specialist or mental health professional immediately for assessment and treatment planning, Consider contacting a local support group (e.g., SMART Recovery or 12-step programs) for peer support and coping strategies; AI Reasoning: The presence of tolerance, withdrawal symptoms, cravings, and neglect of responsibilities over 3 weeks indicates a likely substance use disorder requiring urgent intervention.",moderate
8,"A 38-year-old small business owner is seeking help. She mentions experiencing seasonal changes. For 3 weeks, she has been experiencing worthlessness and low energy. She also reports persistent sadness, hopelessness. This has resulted in some difficulty with work/school or relationships. She is asking for recommendations on how to proceed.",Moderate,"AI Severity: Moderate; AI Concern: Depression/Mood disorders; AI Recommendations: Schedule an appointment with a licensed mental health professional (e.g., therapist or psychiatrist) for evaluation and potential treatment (e.g., therapy or medication)., Engage in self-care strategies such as regular exercise, maintaining a consistent sleep schedule, and connecting with supportive friends/family.; AI Reasoning: The reported symptoms (persistent sadness, hopelessness, worthlessness, low energy, and functional impairment) align with moderate depressive disorder, warranting professional intervention while self-care may provide adjunct support.",moderate
9,"A 19-year-old university freshman is seeking help. She mentions experiencing family conflict. For several months, she has been experiencing resentment and social withdrawal. She also reports trust issues, emotional distress from relationships, anger. This has resulted in significant impairment in multiple areas. She is asking for recommendations on how to proceed.",High,"AI Severity: High; AI Concern: Relationship/interpersonal issues; AI Recommendations: Refer to a licensed mental health professional (e.g., psychologist or counselor) for individual therapy, such as Cognitive Behavioral Therapy (CBT) or Interpersonal Therapy (IPT), Encourage engagement with university counseling services for immediate support and to address academic impairment; AI Reasoning: The reported symptoms (resentment, social withdrawal, trust issues, emotional distress, anger) combined with significant impairment in multiple areas suggest a high level of distress requiring professional intervention. The family conflict and relationship issues appear central to her struggles.",high
10,"A 19-year-old university freshman is seeking help. She mentions experiencing other mental health issues. For 3 weeks, she has been experiencing increased substance use and neglecting responsibilities. She also reports tolerance, cravings. This has resulted in some difficulty with work/school or relationships. She is looking for guidance on what to do next.",Moderate,"AI Severity: High; AI Concern: Substance use concerns; AI Recommendations: Seek evaluation by a mental health professional specializing in substance use disorders (e.g., addiction counselor or psychiatrist) for assessment and potential treatment planning, Contact university counseling services or a local mental health clinic for immediate support and to address co-occurring mental health issues; AI Reasoning: The presence of tolerance, cravings, and functional impairment (work/school/relationships) over 3 weeks suggests a substance use disorder requiring professional intervention, especially given the reported co-occurring mental health issues.",moderate
11,"A 52-year-old manager is seeking help. He mentions experiencing other mental health issues. For 3 weeks, he has been experiencing cravings and failed attempts to cut down. He also reports tolerance, increased substance use, difficulty coping. This has resulted in some difficulty with work/school or relationships. He wants to know what kind of help would be most appropriate.",Moderate,"AI Severity: High; AI Concern: Substance use concerns; AI Recommendations: Referral to a licensed addiction specialist or substance use disorder treatment program for evaluation and structured intervention, Encourage participation in support groups (e.g., SMART Recovery or 12-step programs) alongside professional treatment; AI Reasoning: The presence of cravings, failed attempts to cut down, tolerance, increased use, and functional impairment (work/relationships) over 3 weeks suggests a substance use disorder requiring professional intervention.",moderate
12,"A 30-year-old healthcare worker is seeking help. She mentions experiencing chronic stress. For a month, she has been experiencing persistent sadness and changes in sleep. She also reports worthlessness, difficulty concentrating, hopelessness. This has resulted in some difficulty with work/school or relationships. She wants to know what kind of help would be most appropriate.",Moderate,"AI Severity: High; AI Concern: Depression/Mood disorders; AI Recommendations: Seek evaluation by a mental health professional (psychiatrist or psychologist) for potential major depressive disorder, Consider evidence-based therapy (e.g., CBT or IPT) and discuss medication options if symptoms persist; AI Reasoning: Persistent symptoms of sadness, worthlessness, hopelessness, and functional impairment for over two weeks strongly suggest moderate-to-severe depression requiring professional intervention.",moderate
13,"A 19-year-old university freshman is seeking help. She mentions experiencing combat experience. For 3 months, she has been experiencing intrusive thoughts and startle response. She also reports hypervigilance, emotional numbness, flashbacks. This has resulted in significant impairment in multiple areas. She is asking for recommendations on how to proceed.",High,"AI Severity: High; AI Concern: Trauma/PTSD; AI Recommendations: Immediate referral to a mental health professional specializing in trauma/PTSD for evidence-based treatment (e.g., EMDR, prolonged exposure therapy, or trauma-focused CBT), Encourage contact with university counseling services or a crisis hotline for urgent support while awaiting professional care; AI Reasoning: The reported symptoms (intrusive thoughts, flashbacks, hypervigilance, emotional numbness, and functional impairment) align strongly with PTSD criteria, and the 3-month duration with significant impairment warrants urgent professional intervention.",high
14,"A 28-year-old teacher is seeking help. He mentions experiencing becoming a parent. For 3 weeks, he has been experiencing stress from change and identity confusion. He also reports feeling overwhelmed, difficulty coping. This has resulted in some difficulty with work/school or relationships. He wants to know what kind of help would be most appropriate.",Moderate,"AI Severity: Moderate; AI Concern: Adjustment/life transitions; AI Recommendations: Short-term counseling or therapy (e.g., CBT) to address adjustment challenges and coping strategies, Psychoeducation on parental identity shifts and stress management techniques; AI Reasoning: The individual exhibits notable but time-limited symptoms (3 weeks) tied to a major life transition (parenthood), with functional impairment but no crisis indicators.",moderate
15,"A 38-year-old small business owner is seeking help. She mentions experiencing peer pressure. For several weeks, she has been experiencing withdrawal symptoms and cravings. She also reports increased substance use, using to cope, tolerance. This has resulted in some difficulty with work/school or relationships. She is unsure whether professional help is needed.",Moderate,"AI Severity: High; AI Concern: Substance use concerns; AI Recommendations: Immediate consultation with an addiction specialist or mental health professional for assessment and treatment planning, Consider a structured substance use treatment program (e.g., outpatient or intensive outpatient) to address withdrawal, cravings, and coping strategies; AI Reasoning: The reported symptoms (withdrawal, cravings, increased use to cope, tolerance, and functional impairment) indicate a likely substance use disorder with significant risk of harm, warranting urgent professional intervention.",moderate
16,"A 28-year-old teacher is seeking help. He mentions experiencing social situations. For on and off for 2 weeks, he has been experiencing racing thoughts and avoidance behaviors. He also reports physical tension, excessive worry. This has resulted in minimal impact on daily activities. He is unsure whether professional help is needed.",Low,"AI Severity: Moderate; AI Concern: Anxiety disorders; AI Recommendations: Consider short-term counseling or therapy (e.g., CBT) to address anxiety symptoms and coping strategies, Practice stress-reduction techniques (e.g., mindfulness, relaxation exercises) and monitor symptoms for worsening; AI Reasoning: The reported symptoms (racing thoughts, avoidance, physical tension, excessive worry) align with anxiety disorders, and while daily functioning is minimally impacted, professional support would be beneficial to prevent escalation.",low
17,"A 19-year-old university freshman is seeking help. She mentions experiencing empty nest. For 2 months, she has been experiencing sense of loss and uncertainty. She also reports feeling overwhelmed, identity confusion, difficulty coping. This has resulted in significant impairment in multiple areas. She is asking for recommendations on how to proceed.",High,"AI Severity: Moderate; AI Concern: Adjustment/life transitions; AI Recommendations: Encourage short-term counseling or therapy (e.g., university counseling services) to address adjustment difficulties and identity confusion, Recommend structured self-help strategies (e.g., journaling, social support, time management) to improve coping skills; AI Reasoning: The symptoms align with adjustment disorder due to a major life transition (university freshman), with notable impairment but no immediate safety concerns.",high
18,"A 38-year-old small business owner is seeking help. She mentions experiencing work pressure. For 3 weeks, she has been experiencing fear and nervousness. She also reports difficulty relaxing, racing thoughts, restlessness. This has resulted in some difficulty with work/school or relationships. She is asking for recommendations on how to proceed.",Moderate,"AI Severity: Moderate; AI Concern: Anxiety disorders; AI Recommendations: Consult a licensed mental health professional (e.g., therapist or counselor) for evaluation and potential cognitive-behavioral therapy (CBT), Practice stress-reduction techniques (e.g., mindfulness, deep breathing, or structured relaxation exercises) and monitor symptoms for worsening; AI Reasoning: The reported symptoms (fear, nervousness, racing thoughts, restlessness, and functional impairment) align with moderate anxiety, warranting professional support but not indicating an immediate crisis.",moderate
19,"A 38-year-old small business owner is seeking help. She mentions experiencing family history. For 3 weeks, she has been experiencing withdrawal symptoms and cravings. She also reports neglecting responsibilities, increased substance use, tolerance. This has resulted in some difficulty with work/school or relationships. She is asking for recommendations on how to proceed.",Moderate,"AI Severity: High; AI Concern: Substance use concerns; AI Recommendations: Seek evaluation by an addiction specialist or mental health professional for substance use disorder assessment, Consider contacting a local support group (e.g., SMART Recovery or 12-step programs) for immediate peer support; AI Reasoning: The reported symptoms (withdrawal, cravings, tolerance, neglect of responsibilities, and increased use over 3 weeks) strongly suggest a substance use disorder with functional impairment, warranting professional intervention.",moderate
20,"A 26-year-old graduate student is seeking help. They mentions experiencing chronic stress. For about a week, they has been experiencing fatigue and worthlessness. They also reports difficulty concentrating. This has resulted in minimal impact on daily activities. They is looking for guidance on what to do next.",Low,"AI Severity: Moderate; AI Concern: Depression/Mood disorders; AI Recommendations: Schedule an appointment with a mental health professional (e.g., counselor or therapist) for evaluation and support, Engage in self-care practices (e.g., regular sleep, exercise, and social connection) while monitoring symptoms; AI Reasoning: The reported symptoms (fatigue, worthlessness, difficulty concentrating) align with depressive features, though daily functioning remains minimally impacted, suggesting moderate severity.",low
21,"A 41-year-old veteran is seeking help. He mentions experiencing loss of loved one. For a month, he has been experiencing startle response and irritability. He also reports hypervigilance, avoidance of reminders, failed attempts to cut down. This has resulted in some difficulty with work/school or relationships. He is looking for guidance on what to do next.",Moderate,"AI Severity: High; AI Concern: Trauma/PTSD; AI Recommendations: Seek evaluation by a mental health professional specializing in trauma/PTSD (e.g., VA services, trauma-informed therapist), Consider evidence-based therapies like Prolonged Exposure (PE) or Cognitive Processing Therapy (CPT) for PTSD symptoms; AI Reasoning: The veteran exhibits hallmark PTSD symptoms (hypervigilance, avoidance, startle response, irritability) following a loss, with functional impairment in work/relationships, warranting professional intervention.",moderate
22,"A 22-year-old college student is seeking help. They mentions experiencing other mental health issues. For about a week, they has been experiencing tolerance and neglecting responsibilities. This has resulted in minimal impact on daily activities. They is looking for guidance on what to do next.",Low,"AI Severity: Moderate; AI Concern: Adjustment/life transitions; AI Recommendations: Schedule an appointment with a campus counseling center or mental health professional for evaluation and support, Practice self-care strategies (e.g., time management, stress reduction techniques) and monitor symptoms for worsening; AI Reasoning: The reported symptoms (tolerance, neglecting responsibilities) suggest emerging functional impairment, likely tied to college-related stressors, warranting professional guidance but not urgent intervention.",low
23,"A 41-year-old veteran is seeking help. He mentions experiencing financial stress. For several weeks, he has been experiencing excessive worry and restlessness. He also reports racing thoughts, fear, difficulty relaxing. This has resulted in some difficulty with work/school or relationships. He is unsure whether professional help is needed.",Moderate,"AI Severity: Moderate; AI Concern: Anxiety disorders; AI Recommendations: Encourage professional counseling (e.g., CBT for anxiety management), Suggest stress-reduction techniques (mindfulness, exercise) while awaiting professional support; AI Reasoning: The veteran exhibits persistent anxiety symptoms (excessive worry, restlessness, racing thoughts) impacting functioning, warranting structured intervention but without immediate crisis indicators.",moderate
24,"A 26-year-old graduate student is seeking help. They mentions experiencing workplace conflicts. For about a week, they has been experiencing anger and trust issues. They also reports relationship conflict. This has resulted in minimal impact on daily activities. They is looking for guidance on what to do next.",Low,"AI Severity: Moderate; AI Concern: Relationship/interpersonal issues; AI Recommendations: Consider short-term counseling or conflict resolution workshops to address workplace and relationship conflicts, Practice stress management techniques (e.g., mindfulness, communication skills) to mitigate anger and trust issues; AI Reasoning: The symptoms are situational but causing notable distress (anger, trust issues) with emerging impact on relationships, warranting professional support despite minimal functional impairment.",low
25,"A 35-year-old working professional is seeking help. She mentions experiencing workplace conflicts. For recent days, she has been experiencing trust issues and resentment. She also reports loneliness, anger, relationship conflict. This has resulted in unable to function normally. She has mentioned suicidal thoughts. She is looking for guidance on what to do next.",Crisis,"AI Severity: Crisis; AI Concern: Depression/Mood disorders; AI Recommendations: Seek immediate professional help (e.g., crisis hotline, emergency psychiatric services, or a mental health professional), Reach out to a trusted person for support and ensure safety by removing access to means of self-harm; AI Reasoning: The presence of suicidal thoughts, inability to function normally, and severe emotional distress indicate an acute crisis requiring urgent intervention.",crisis
26,"A 19-year-old university freshman is seeking help. She mentions experiencing peer pressure. For on and off for 2 weeks, she has been experiencing withdrawal symptoms and tolerance. She also reports failed attempts to cut down, using to cope. This has resulted in minimal impact on daily activities. She is unsure whether professional help is needed.",Low,"AI Severity: Moderate; AI Concern: Substance use concerns; AI Recommendations: Schedule an evaluation with a substance use counselor or addiction specialist to assess dependency risks, Explore university counseling services for peer pressure coping strategies and harm reduction techniques; AI Reasoning: Withdrawal symptoms, tolerance, and failed cut-down attempts suggest emerging substance use disorder, though minimal functional impairment keeps severity at moderate rather than high.",low
27,"A 38-year-old small business owner is seeking help. She mentions experiencing recent loss. For several weeks, she has been experiencing persistent sadness and fatigue. She also reports low energy, worthlessness. This has resulted in some difficulty with work/school or relationships. She is unsure whether professional help is needed.",Moderate,"AI Severity: Moderate; AI Concern: Depression/Mood disorders; AI Recommendations: Encourage professional counseling (e.g., CBT or interpersonal therapy) to address persistent symptoms and recent loss, Suggest self-care strategies (e.g., routine, social support) while monitoring for worsening symptoms; AI Reasoning: Persistent sadness, fatigue, worthlessness, and functional impairment align with moderate depressive symptoms, likely exacerbated by recent loss, warranting professional support.",moderate
28,"A 26-year-old graduate student is seeking help. They mentions experiencing chronic pain. For on and off for 2 weeks, they has been experiencing tolerance and increased substance use. This has resulted in minimal impact on daily activities. They is unsure whether professional help is needed.",Low,"AI Severity: Moderate; AI Concern: Substance use concerns; AI Recommendations: Schedule an evaluation with a mental health professional to assess substance use patterns and potential underlying causes (e.g., chronic pain, stress)., Explore harm reduction strategies and counseling (e.g., CBT or motivational interviewing) to address increased tolerance and use.; AI Reasoning: The reported increase in substance tolerance and use over 2 weeks, even with minimal functional impairment, suggests emerging risk that warrants professional assessment to prevent escalation.",low
29,"A 30-year-old healthcare worker is seeking help. She mentions experiencing job change. For about a week, she has been experiencing stress from change and anxiety about future. This has resulted in minimal impact on daily activities. She wants to know what kind of help would be most appropriate.",Low,"AI Severity: Low; AI Concern: Adjustment/life transitions; AI Recommendations: Self-help strategies such as mindfulness, stress management techniques, and maintaining a routine, Short-term counseling or support groups to address transitional stress and anxiety; AI Reasoning: The individual reports situational stress and anxiety related to a job change with minimal impact on daily functioning, suggesting a low-severity adjustment reaction.",low
30,"A 52-year-old manager is seeking help. He mentions experiencing combat experience. For a few days, he has been experiencing flashbacks and emotional numbness. This has resulted in minimal impact on daily activities. He is looking for guidance on what to do next.",Low,"AI Severity: Moderate; AI Concern: Trauma/PTSD; AI Recommendations: Consult a mental health professional for trauma-focused therapy (e.g., EMDR or CBT), Practice grounding techniques to manage flashbacks and emotional numbness; AI Reasoning: Recent onset of flashbacks and emotional numbness in a combat veteran suggests PTSD symptoms, though daily functioning remains minimally impacted, warranting professional evaluation.",low
31,"A 22-year-old college student is seeking help. They mentions experiencing friendship problems. For the past week, they has been experiencing emotional distress from relationships and relationship conflict. They also reports trust issues, anger, social withdrawal. This has resulted in unable to function normally. They has mentioned psychotic symptoms. They wants to know what kind of help would be most appropriate.",Crisis,"AI Severity: High; AI Concern: Relationship/interpersonal issues; AI Recommendations: Immediate referral to a mental health professional (psychiatrist or psychologist) for evaluation of psychotic symptoms and emotional distress, Encourage contact with campus counseling services or a crisis hotline for urgent support; AI Reasoning: The presence of psychotic symptoms alongside severe emotional distress and functional impairment indicates a high-severity situation requiring prompt professional intervention.",crisis
32,"A 19-year-old university freshman is seeking help. She mentions experiencing peer pressure. For 2 months, she has been experiencing failed attempts to cut down and using to cope. She also reports tolerance, increased substance use, neglecting responsibilities. This has resulted in significant impairment in multiple areas. She is unsure whether professional help is needed.",High,"AI Severity: High; AI Concern: Substance use concerns; AI Recommendations: Immediate referral to a licensed addiction specialist or substance use counselor for assessment and treatment planning, Encourage engagement with university counseling services or a mental health professional for co-occurring issues (e.g., peer pressure, coping strategies); AI Reasoning: The presence of tolerance, failed attempts to cut down, increased use, and significant impairment in multiple areas (e.g., neglecting responsibilities) strongly indicates a substance use disorder requiring professional intervention.",high
33,"A 30-year-old healthcare worker is seeking help. She mentions experiencing divorce/breakup. For 3 months, she has been experiencing communication problems and relationship conflict. She also reports social withdrawal, anger, trust issues. This has resulted in significant impairment in multiple areas. She is unsure whether professional help is needed.",High,"AI Severity: High; AI Concern: Adjustment/life transitions; AI Recommendations: Seek professional counseling (e.g., CBT or interpersonal therapy) to address relationship conflict, trust issues, and emotional regulation, Consider a psychiatric evaluation if symptoms persist or worsen, especially given functional impairment; AI Reasoning: The 3-month duration of symptoms (social withdrawal, anger, trust issues) with significant impairment across multiple areas suggests a high-severity adjustment reaction to the breakup, warranting professional intervention.",high
34,"A 30-year-old healthcare worker is seeking help. She mentions experiencing divorce/breakup. For several months, she has been experiencing trust issues and anger. She also reports loneliness, communication problems, social withdrawal. This has resulted in significant impairment in multiple areas. She is looking for guidance on what to do next.",High,"AI Severity: High; AI Concern: Adjustment/life transitions; AI Recommendations: Seek professional counseling (e.g., CBT or interpersonal therapy) to address trust issues, anger, and social withdrawal, Consider support groups for individuals experiencing divorce/breakup to reduce loneliness and improve social connections; AI Reasoning: The individual exhibits significant impairment in multiple areas (trust issues, anger, loneliness, social withdrawal) following a major life transition, warranting professional intervention.",high
35,"A 45-year-old parent is seeking help. They mentions experiencing recent loss. For several months, they has been experiencing persistent sadness and hopelessness. They also reports changes in appetite, difficulty concentrating, loss of interest in activities. This has resulted in significant impairment in multiple areas. They is asking for recommendations on how to proceed.",High,"AI Severity: High; AI Concern: Depression/Mood disorders; AI Recommendations: Seek evaluation by a mental health professional (psychiatrist or therapist) for possible major depressive disorder and treatment options (e.g., therapy, medication)., Contact a crisis hotline or support service if feelings of hopelessness worsen or suicidal thoughts emerge.; AI Reasoning: The reported symptoms (persistent sadness, hopelessness, appetite changes, loss of interest, and functional impairment) align with major depressive disorder criteria, warranting professional intervention.",high
36,"A 35-year-old working professional is seeking help. She mentions experiencing seasonal changes. For the past week, she has been experiencing changes in appetite and low energy. She also reports fatigue, worthlessness, loss of interest in activities. This has resulted in unable to function normally. She has mentioned suicidal thoughts. She wants to know what kind of help would be most appropriate.",Crisis,"AI Severity: Crisis; AI Concern: Depression/Mood disorders; AI Recommendations: Immediate contact with a crisis hotline or emergency mental health services due to suicidal thoughts, Urgent evaluation by a psychiatrist or mental health professional for safety assessment and potential intervention (e.g., therapy, medication); AI Reasoning: The presence of suicidal thoughts, combined with symptoms of depression (fatigue, worthlessness, loss of interest, functional impairment), indicates an acute crisis requiring immediate intervention.",crisis
37,"A 41-year-old veteran is seeking help. He mentions experiencing work pressure. For several months, he has been experiencing racing thoughts and nervousness. He also reports difficulty relaxing, physical tension, restlessness. This has resulted in significant impairment in multiple areas. He is looking for guidance on what to do next.",High,"AI Severity: High; AI Concern: Anxiety disorders; AI Recommendations: Seek evaluation by a mental health professional (e.g., psychologist, psychiatrist) for potential anxiety disorder diagnosis and treatment (e.g., therapy, medication), Consider contacting veteran-specific mental health services (e.g., VA programs) for specialized support; AI Reasoning: The reported symptoms (racing thoughts, nervousness, restlessness, physical tension, and significant impairment) align with severe anxiety, likely exacerbated by the veteran's background and work pressure.",high
38,"A 28-year-old teacher is seeking help. He mentions experiencing past traumatic event. For lately, he has been experiencing avoidance of reminders and irritability. He also reports flashbacks, intrusive thoughts, startle response. This has resulted in unable to function normally. He has mentioned suicidal thoughts. He is asking for recommendations on how to proceed.",Crisis,"AI Severity: Crisis; AI Concern: Trauma/PTSD; AI Recommendations: Seek immediate professional help (e.g., crisis hotline, emergency psychiatric services, or a mental health professional) due to suicidal thoughts and severe functional impairment, Encourage reaching out to a trusted person for support while awaiting professional intervention; AI Reasoning: The presence of suicidal thoughts, flashbacks, intrusive symptoms, and significant functional impairment indicates a crisis-level presentation of PTSD, requiring urgent intervention.",crisis
39,"A 38-year-old small business owner is seeking help. She mentions experiencing work pressure. For the past week, she has been experiencing racing thoughts and avoidance behaviors. She also reports fear, difficulty relaxing, physical tension. This has resulted in unable to function normally. She has mentioned self-harm. She is asking for recommendations on how to proceed.",Crisis,"AI Severity: Crisis; AI Concern: Anxiety disorders; AI Recommendations: Seek immediate professional help (e.g., crisis hotline, emergency mental health services) due to self-harm mention and inability to function, Contact a trusted person for support and safety planning until professional help is available; AI Reasoning: The presence of self-harm, inability to function, and acute symptoms (racing thoughts, avoidance, physical tension) indicate an urgent safety risk requiring immediate intervention.",crisis
40,"A 35-year-old working professional is seeking help. She mentions experiencing recent accident. For about a week, she has been experiencing avoidance of reminders and nightmares. This has resulted in minimal impact on daily activities. She wants to know what kind of help would be most appropriate.",Low,"AI Severity: Moderate; AI Concern: Trauma/PTSD; AI Recommendations: Short-term trauma-focused counseling (e.g., CBT or EMDR) to address avoidance and nightmares, Psychoeducation on trauma responses and self-help strategies (e.g., grounding techniques); AI Reasoning: Recent accident with avoidance and nightmares suggests acute stress/trauma symptoms, though daily functioning remains minimally impacted, warranting professional support but not urgent intervention.",low
41,"A 30-year-old healthcare worker is seeking help. She mentions experiencing seasonal changes. For 3 months, she has been experiencing loss of interest in activities and changes in appetite. She also reports fatigue, worthlessness, persistent sadness. This has resulted in significant impairment in multiple areas. She is unsure whether professional help is needed.",High,"AI Severity: High; AI Concern: Depression/Mood disorders; AI Recommendations: Seek evaluation by a mental health professional (psychiatrist or therapist) for potential major depressive disorder, Consider discussing medication options and evidence-based therapies (e.g., CBT) with a provider; AI Reasoning: The reported symptoms (persistent sadness, anhedonia, fatigue, worthlessness, functional impairment) lasting 3 months meet criteria for moderate-to-severe depression, warranting professional intervention.",high
42,"A 52-year-old manager is seeking help. He mentions experiencing work pressure. For recent days, he has been experiencing excessive worry and physical tension. He also reports difficulty relaxing, restlessness, avoidance behaviors. This has resulted in unable to function normally. He has mentioned severe substance use. He wants to know what kind of help would be most appropriate.",Crisis,"AI Severity: High; AI Concern: Anxiety disorders; AI Recommendations: Immediate consultation with a mental health professional (psychiatrist or psychologist) for evaluation and potential therapy (e.g., CBT) or medication, Referral to a substance use specialist for assessment and intervention due to severe substance use complicating symptoms; AI Reasoning: The combination of excessive worry, physical tension, restlessness, avoidance behaviors, impaired functioning, and severe substance use indicates significant anxiety with potential comorbidity, warranting urgent professional intervention.",crisis
43,"A 19-year-old university freshman is seeking help. She mentions experiencing becoming a parent. For about a week, she has been experiencing sense of loss and identity confusion. She also reports feeling overwhelmed. This has resulted in minimal impact on daily activities. She is looking for guidance on what to do next.",Low,"AI Severity: Moderate; AI Concern: Adjustment/life transitions; AI Recommendations: Encourage engagement with university counseling services for short-term support and coping strategies, Suggest exploring peer support groups or workshops focused on identity and life transitions; AI Reasoning: The symptoms align with a significant life transition (becoming a parent as a freshman) causing identity confusion and overwhelm, though daily functioning remains minimally impacted, warranting professional guidance.",low
44,"A 22-year-old college student is seeking help. They mentions experiencing chronic pain. For a month, they has been experiencing neglecting responsibilities and increased substance use. They also reports withdrawal symptoms, cravings, using to cope. This has resulted in some difficulty with work/school or relationships. They is asking for recommendations on how to proceed.",Moderate,"AI Severity: High; AI Concern: Substance use concerns; AI Recommendations: Seek evaluation by an addiction specialist or mental health professional for substance use disorder assessment and treatment planning (e.g., therapy, support groups like NA/AA, or medication-assisted treatment if needed)., Engage in counseling (e.g., CBT or motivational interviewing) to address coping mechanisms, withdrawal symptoms, and underlying stressors contributing to substance use.; AI Reasoning: The presence of chronic pain, withdrawal symptoms, cravings, and functional impairment (work/school/relationships) suggests a substance use disorder with moderate-to-severe impact, warranting professional intervention.",moderate
45,"A 38-year-old small business owner is seeking help. She mentions experiencing peer pressure. For about a week, she has been experiencing using to cope and neglecting responsibilities. She also reports failed attempts to cut down, increased substance use. This has resulted in minimal impact on daily activities. She is unsure whether professional help is needed.",Low,"AI Severity: Moderate; AI Concern: Substance use concerns; AI Recommendations: Schedule an evaluation with an addiction specialist or mental health professional to assess substance use patterns and potential risks, Explore counseling or support groups (e.g., SMART Recovery or 12-step programs) to address coping mechanisms and peer pressure; AI Reasoning: The individual reports increased substance use, failed attempts to cut down, and neglect of responsibilities, indicating a pattern that may escalate without intervention, though daily functioning remains minimally impacted.",low
46,"A 41-year-old veteran is seeking help. He mentions experiencing workplace conflicts. For the past week, he has been experiencing social withdrawal and loneliness. He also reports resentment, relationship conflict, anger. This has resulted in unable to function normally. He has mentioned suicidal thoughts. He wants to know what kind of help would be most appropriate.",Crisis,"AI Severity: Crisis; AI Concern: Trauma/PTSD; AI Recommendations: Immediate contact with a crisis hotline or emergency mental health services (e.g., 988 Suicide & Crisis Lifeline in the U.S.), Urgent referral to a mental health professional specializing in trauma/PTSD and veteran-specific care (e.g., VA services if applicable); AI Reasoning: The presence of suicidal thoughts, severe functional impairment, and reported symptoms (anger, resentment, relationship conflict) in a veteran strongly suggest a crisis-level concern, likely linked to unresolved trauma/PTSD.",crisis
47,"A 35-year-old working professional is seeking help. She mentions experiencing recent loss. For on and off for 2 weeks, she has been experiencing low energy and worthlessness. This has resulted in minimal impact on daily activities. She is looking for guidance on what to do next.",Low,"AI Severity: Moderate; AI Concern: Depression/Mood disorders; AI Recommendations: Consider short-term counseling or therapy to address recent loss and mood symptoms, Engage in self-care strategies (e.g., routine, social support, physical activity) and monitor symptoms for worsening; AI Reasoning: The presence of low energy and worthlessness for 2 weeks, even with minimal functional impairment, suggests mild-to-moderate depressive symptoms likely linked to recent loss, warranting professional support.",low
48,"A 52-year-old manager is seeking help. He mentions experiencing friendship problems. For about a week, he has been experiencing anger and social withdrawal. This has resulted in minimal impact on daily activities. He is unsure whether professional help is needed.",Low,"AI Severity: Low; AI Concern: Relationship/interpersonal issues; AI Recommendations: Monitor symptoms for 1-2 weeks to assess if they persist or worsen, Consider self-help strategies (e.g., stress management, social re-engagement, or journaling); AI Reasoning: The symptoms are recent (1 week), mild, and have minimal impact on daily functioning, suggesting situational stress rather than a severe or persistent disorder.",low
49,"A 30-year-old healthcare worker is seeking help. She mentions experiencing workplace conflicts. For 3 weeks, she has been experiencing anger and trust issues. She also reports relationship conflict, loneliness, emotional distress from relationships. This has resulted in some difficulty with work/school or relationships. She is asking for recommendations on how to proceed.",Moderate,"AI Severity: Moderate; AI Concern: Relationship/interpersonal issues; AI Recommendations: Consider short-term counseling or therapy (e.g., CBT) to address workplace and relationship conflicts and develop coping strategies, Explore workplace support resources (e.g., HR, employee assistance programs) to manage professional stressors; AI Reasoning: The symptoms (anger, trust issues, relationship conflict) are notable and affecting functioning but lack indicators of severe impairment or crisis. The duration (3 weeks) suggests situational distress rather than chronic pathology.",moderate
50,"A 19-year-old university freshman is seeking help. She mentions experiencing relocation. For 3 months, she has been experiencing stress from change and sense of loss. She also reports feeling overwhelmed, anxiety about future, identity confusion. This has resulted in significant impairment in multiple areas. She is asking for recommendations on how to proceed.",High,"AI Severity: Moderate; AI Concern: Adjustment/life transitions; AI Recommendations: Encourage engagement with university counseling services for short-term therapy (e.g., CBT or supportive counseling) to address adjustment difficulties and anxiety, Recommend structured self-help strategies (e.g., mindfulness, time management, social support building) to mitigate overwhelm and identity confusion; AI Reasoning: The symptoms align with an adjustment disorder with anxiety, given the 3-month duration of stress-related impairment following relocation and life transition, but lack indicators of crisis or severe psychopathology.",high
51,"A 38-year-old small business owner is seeking help. She mentions experiencing stress. For 3 weeks, she has been experiencing withdrawal symptoms and increased substance use. She also reports neglecting responsibilities, using to cope. This has resulted in some difficulty with work/school or relationships. She is looking for guidance on what to do next.",Moderate,"AI Severity: High; AI Concern: Substance use concerns; AI Recommendations: Seek evaluation by a mental health professional specializing in substance use disorders (e.g., addiction counselor or psychiatrist) for assessment and treatment planning, Contact a local support group (e.g., SMART Recovery or 12-step program) for immediate peer support and coping strategies; AI Reasoning: The combination of increased substance use to cope, withdrawal symptoms, and functional impairment (neglecting responsibilities) for 3+ weeks suggests a high-severity substance use concern requiring professional intervention.",moderate
52,"A 35-year-old working professional is seeking help. She mentions experiencing seasonal changes. For 3 weeks, she has been experiencing changes in sleep and hopelessness. She also reports difficulty concentrating, worthlessness, loss of interest in activities. This has resulted in some difficulty with work/school or relationships. She is asking for recommendations on how to proceed.",Moderate,"AI Severity: Moderate; AI Concern: Depression/Mood disorders; AI Recommendations: Consult a mental health professional (e.g., therapist or psychiatrist) for evaluation and potential treatment (e.g., therapy or medication), Engage in self-care strategies (e.g., regular sleep, exercise, social support) while awaiting professional help; AI Reasoning: The reported symptoms (hopelessness, worthlessness, loss of interest, concentration difficulties) align with moderate depressive disorder, warranting professional intervention despite no immediate crisis.",moderate
53,"A 30-year-old healthcare worker is seeking help. She mentions experiencing graduation. For about a week, she has been experiencing uncertainty and feeling overwhelmed. This has resulted in minimal impact on daily activities. She is unsure whether professional help is needed.",Low,"AI Severity: Low; AI Concern: Adjustment/life transitions; AI Recommendations: Monitor symptoms for the next 1-2 weeks and practice self-care strategies (e.g., mindfulness, exercise, social support), Consider short-term counseling if symptoms persist or worsen, especially given the healthcare worker's potential for burnout; AI Reasoning: The symptoms are mild, situational (likely related to a recent transition), and have minimal impact on daily functioning, but the individual's profession may warrant closer attention.",low
54,"A 35-year-old working professional is seeking help. She mentions experiencing chronic stress. For a month, she has been experiencing low energy and worthlessness. She also reports hopelessness, changes in sleep, fatigue. This has resulted in some difficulty with work/school or relationships. She wants to know what kind of help would be most appropriate.",Moderate,"AI Severity: Moderate; AI Concern: Depression/Mood disorders; AI Recommendations: Consult a mental health professional (e.g., psychologist or psychiatrist) for evaluation and potential therapy (e.g., CBT or IPT), Consider discussing short-term work accommodations or stress management strategies with a healthcare provider if symptoms interfere with daily functioning; AI Reasoning: The reported symptoms (low energy, worthlessness, hopelessness, sleep changes, fatigue) align with depressive disorder criteria, and their duration (1+ month) with functional impairment warrants professional intervention.",moderate
55,"A 19-year-old university freshman is seeking help. She mentions experiencing friendship problems. For on and off for 2 weeks, she has been experiencing communication problems and social withdrawal. She also reports relationship conflict, difficulty relaxing. This has resulted in minimal impact on daily activities. She is asking for recommendations on how to proceed.",Low,"AI Severity: Low; AI Concern: Adjustment/life transitions; AI Recommendations: Encourage self-help strategies such as journaling, mindfulness, or social skills exercises to improve communication and relaxation, Suggest seeking short-term counseling or peer support groups to address friendship and relationship challenges during this transition period; AI Reasoning: The symptoms are mild, situational, and have minimal impact on daily functioning, likely tied to the stress of transitioning to university life, but monitoring for worsening is advisable.",low
56,"A 38-year-old small business owner is seeking help. She mentions experiencing empty nest. For about a week, she has been experiencing sense of loss and stress from change. She also reports anxiety about future. This has resulted in minimal impact on daily activities. She is unsure whether professional help is needed.",Low,"AI Severity: Low; AI Concern: Adjustment/life transitions; AI Recommendations: Self-help strategies such as journaling, mindfulness, or connecting with support networks (friends, family, or community groups), Monitor symptoms for 2-4 weeks; seek professional counseling if symptoms worsen or persist beyond this period; AI Reasoning: The symptoms are mild, situational (empty nest transition), and have minimal impact on daily functioning, suggesting a normal adjustment reaction rather than a disorder.",low
57,"A 41-year-old veteran is seeking help. He mentions experiencing family conflict. For 3 weeks, he has been experiencing emotional distress from relationships and anger. He also reports communication problems, social withdrawal. This has resulted in some difficulty with work/school or relationships. He is unsure whether professional help is needed.",Moderate,"AI Severity: Moderate; AI Concern: Relationship/interpersonal issues; AI Recommendations: Encourage professional counseling (e.g., individual or family therapy) to address communication problems and anger management, Suggest stress-reduction techniques (e.g., mindfulness, peer support groups for veterans) to improve coping skills; AI Reasoning: The veteran reports persistent emotional distress, social withdrawal, and functional impairment in relationships/work, indicating moderate severity. Relationship/interpersonal issues are the core concern, though trauma/PTSD may underlie symptoms given his veteran status.",moderate
58,"A 41-year-old veteran is seeking help. He mentions experiencing peer pressure. For about a week, he has been experiencing tolerance and cravings. He also reports using to cope, feeling overwhelmed. This has resulted in minimal impact on daily activities. He is asking for recommendations on how to proceed.",Low,"AI Severity: Moderate; AI Concern: Substance use concerns; AI Recommendations: Encourage the veteran to seek a professional evaluation with a mental health provider specializing in substance use and veteran-specific care (e.g., VA services or trauma-informed therapists)., Suggest exploring peer support groups (e.g., SMART Recovery or veteran-specific groups) to address cravings and coping strategies in a structured setting.; AI Reasoning: The presence of tolerance, cravings, and using substances to cope, even with minimal impact on daily activities, indicates emerging substance use concerns that warrant professional intervention to prevent escalation.",low
59,"A 30-year-old healthcare worker is seeking help. She mentions experiencing loss of loved one. For on and off for 2 weeks, she has been experiencing flashbacks and irritability. She also reports intrusive thoughts, persistent sadness. This has resulted in minimal impact on daily activities. She is unsure whether professional help is needed.",Low,"AI Severity: Moderate; AI Concern: Trauma/PTSD; AI Recommendations: Consider short-term counseling or therapy to address grief and trauma symptoms (e.g., CBT or grief counseling), Monitor symptoms for worsening (e.g., increased functional impairment, suicidal ideation) and seek professional help if they persist beyond 4 weeks; AI Reasoning: The presence of flashbacks, intrusive thoughts, and irritability following a loss suggests trauma-related symptoms, though daily functioning remains minimally impacted, warranting moderate concern.",low
60,"A 30-year-old healthcare worker is seeking help. She mentions experiencing chronic stress. For several months, she has been experiencing changes in appetite and changes in sleep. She also reports persistent sadness, fatigue, difficulty concentrating. This has resulted in significant impairment in multiple areas. She is unsure whether professional help is needed.",High,"AI Severity: High; AI Concern: Depression/Mood disorders; AI Recommendations: Seek evaluation by a mental health professional (e.g., psychiatrist or psychologist) for possible major depressive disorder, Consider short-term leave from work if feasible to reduce stress and focus on recovery; AI Reasoning: The reported symptoms (persistent sadness, fatigue, impaired concentration, appetite/sleep changes, and functional impairment) align with moderate-to-severe depression, warranting professional intervention.",high
61,"A 45-year-old parent is seeking help. They mentions experiencing friendship problems. For recent days, they has been experiencing resentment and anger. They also reports trust issues, emotional distress from relationships, social withdrawal. This has resulted in unable to function normally. They has mentioned psychotic symptoms. They wants to know what kind of help would be most appropriate.",Crisis,"AI Severity: High; AI Concern: Depression/Mood disorders; AI Recommendations: Immediate evaluation by a mental health professional (psychiatrist or psychologist) to assess psychotic symptoms and emotional distress, Consider urgent care or crisis intervention if psychotic symptoms worsen or safety concerns arise; AI Reasoning: The presence of psychotic symptoms, severe emotional distress, and impaired functioning indicates a high-severity condition requiring professional intervention, with potential for crisis if unaddressed.",crisis
62,"A 22-year-old college student is seeking help. They mentions experiencing friendship problems. For lately, they has been experiencing social withdrawal and resentment. They also reports communication problems, loneliness, trust issues. This has resulted in unable to function normally. They has mentioned self-harm. They is looking for guidance on what to do next.",Crisis,"AI Severity: Crisis; AI Concern: Depression/Mood disorders; AI Recommendations: Seek immediate professional help (e.g., crisis hotline, emergency mental health services) due to self-harm mention, Encourage reaching out to a trusted person (e.g., family, close friend) for support while awaiting professional care; AI Reasoning: Self-harm, social withdrawal, and inability to function indicate acute risk, requiring urgent intervention to ensure safety and stabilization.",crisis
63,"A 28-year-old teacher is seeking help. He mentions experiencing social situations. For several months, he has been experiencing panic attacks and restlessness. He also reports difficulty relaxing, excessive worry, fear. This has resulted in significant impairment in multiple areas. He is unsure whether professional help is needed.",High,"AI Severity: High; AI Concern: Anxiety disorders; AI Recommendations: Seek evaluation by a mental health professional (e.g., psychologist or psychiatrist) for potential diagnosis and treatment (e.g., CBT or medication), Consider contacting a crisis hotline or support group if symptoms worsen or feel unmanageable; AI Reasoning: The reported symptoms (panic attacks, excessive worry, restlessness, and significant impairment) align with severe anxiety, likely requiring professional intervention to address functional decline.",high
64,"A 52-year-old manager is seeking help. He mentions experiencing chronic pain. For lately, he has been experiencing increased substance use and tolerance. He also reports withdrawal symptoms, using to cope, failed attempts to cut down. This has resulted in unable to function normally. He has mentioned self-harm. He is unsure whether professional help is needed.",Crisis,"AI Severity: Crisis; AI Concern: Substance use concerns; AI Recommendations: Immediate referral to a specialized addiction treatment program or detox facility due to withdrawal symptoms and self-harm risk, Urgent psychiatric evaluation for co-occurring mental health conditions (e.g., depression) and safety planning; AI Reasoning: The combination of chronic pain, escalating substance use with tolerance/withdrawal, failed attempts to quit, functional impairment, and self-harm indicates acute risk requiring emergency intervention.",crisis
65,"A 35-year-old working professional is seeking help. She mentions experiencing becoming a parent. For about a week, she has been experiencing difficulty coping and identity confusion. She also reports anxiety about future. This has resulted in minimal impact on daily activities. She is unsure whether professional help is needed.",Low,"AI Severity: Moderate; AI Concern: Adjustment/life transitions; AI Recommendations: Consider short-term counseling or therapy to address identity confusion and anxiety related to parenthood transition, Explore self-help resources (e.g., parenting support groups, mindfulness practices) while monitoring symptom progression; AI Reasoning: The symptoms are time-limited (1 week) and minimally impact daily functioning, but the distress around identity and future anxiety suggests a need for professional support during this significant life transition.",low
66,"A 28-year-old teacher is seeking help. He mentions experiencing recent accident. For the past week, he has been experiencing hypervigilance and irritability. He also reports nightmares, flashbacks, emotional numbness. This has resulted in unable to function normally. He has mentioned psychotic symptoms. He is unsure whether professional help is needed.",Crisis,"AI Severity: High; AI Concern: Trauma/PTSD; AI Recommendations: Seek immediate evaluation by a mental health professional (psychiatrist or psychologist) for trauma-focused therapy (e.g., EMDR or CBT) and possible medication assessment, Contact a crisis hotline or emergency services if psychotic symptoms worsen or safety concerns arise; AI Reasoning: The combination of hypervigilance, nightmares, flashbacks, emotional numbness, and impaired functioning strongly suggests acute PTSD, while psychotic symptoms warrant urgent professional assessment.",crisis
67,"A 26-year-old graduate student is seeking help. They mentions experiencing workplace conflicts. For several weeks, they has been experiencing trust issues and relationship conflict. They also reports communication problems, anger, loneliness. This has resulted in some difficulty with work/school or relationships. They is asking for recommendations on how to proceed.",Moderate,"AI Severity: Moderate; AI Concern: Relationship/interpersonal issues; AI Recommendations: Consider short-term counseling or therapy (e.g., CBT or interpersonal therapy) to address communication patterns and trust issues, Explore stress management techniques (e.g., mindfulness, conflict resolution workshops) to improve workplace and relationship dynamics; AI Reasoning: The reported symptoms (trust issues, anger, loneliness, and relationship conflicts) are significantly impacting functioning but lack indicators of crisis or severe impairment, suggesting moderate severity.",moderate
68,"A 22-year-old college student is seeking help. They mentions experiencing recent loss. For a few days, they has been experiencing persistent sadness and fatigue. This has resulted in minimal impact on daily activities. They is unsure whether professional help is needed.",Low,"AI Severity: Low; AI Concern: Adjustment/life transitions; AI Recommendations: Monitor symptoms for 1-2 weeks and engage in self-care (e.g., exercise, social support, sleep hygiene), Consider short-term counseling or peer support if symptoms persist or worsen; AI Reasoning: Recent loss and transient sadness/fatigue with minimal functional impairment suggest a normal grief or adjustment reaction, though monitoring is warranted.",low
69,"A 45-year-old parent is seeking help. They mentions experiencing isolation. For the past week, they has been experiencing difficulty concentrating and worthlessness. They also reports fatigue, loss of interest in activities, persistent sadness. This has resulted in unable to function normally. They has mentioned self-harm. They is looking for guidance on what to do next.",Crisis,"AI Severity: Crisis; AI Concern: Depression/Mood disorders; AI Recommendations: Seek immediate professional help (e.g., crisis hotline, emergency psychiatric services, or visit the nearest ER), Ensure safety by removing access to means of self-harm and staying with a trusted person if possible; AI Reasoning: The presence of self-harm ideation, persistent sadness, worthlessness, and inability to function indicates an acute crisis requiring urgent intervention to ensure safety.",crisis
70,"A 19-year-old university freshman is seeking help. She mentions experiencing social situations. For 3 months, she has been experiencing restlessness and excessive worry. She also reports nervousness, avoidance behaviors, physical tension. This has resulted in significant impairment in multiple areas. She is asking for recommendations on how to proceed.",High,"AI Severity: High; AI Concern: Anxiety disorders; AI Recommendations: Schedule an appointment with a mental health professional (e.g., psychologist, psychiatrist) for a comprehensive evaluation and potential therapy (e.g., CBT), Encourage reaching out to university counseling services for immediate support and resources; AI Reasoning: The reported symptoms (excessive worry, restlessness, avoidance, physical tension, and significant impairment) align with an anxiety disorder, likely generalized anxiety or social anxiety, requiring professional intervention.",high
71,"A 19-year-old university freshman is seeking help. She mentions experiencing combat experience. For 3 months, she has been experiencing startle response and flashbacks. She also reports intrusive thoughts, hypervigilance, emotional numbness. This has resulted in significant impairment in multiple areas. She is looking for guidance on what to do next.",High,"AI Severity: High; AI Concern: Trauma/PTSD; AI Recommendations: Seek immediate evaluation by a mental health professional specializing in trauma/PTSD (e.g., psychologist or psychiatrist), Contact university counseling services or a local crisis hotline for urgent support and safety planning; AI Reasoning: The presence of flashbacks, hypervigilance, intrusive thoughts, and emotional numbness for 3 months with significant impairment strongly suggests PTSD, warranting prompt professional intervention.",high
72,"A 41-year-old veteran is seeking help. He mentions experiencing becoming a parent. For recent days, he has been experiencing sense of loss and anxiety about future. He also reports difficulty coping, uncertainty, feeling overwhelmed. This has resulted in unable to function normally. He has mentioned psychotic symptoms. He is asking for recommendations on how to proceed.",Crisis,"AI Severity: Crisis; AI Concern: Trauma/PTSD; AI Recommendations: Seek immediate professional evaluation (e.g., crisis hotline, emergency psychiatric services) due to reported psychotic symptoms and inability to function, Contact a veteran-specific mental health provider or VA crisis line for specialized support; AI Reasoning: The combination of psychotic symptoms, severe functional impairment, and recent life transition (parenthood) in a veteran suggests acute risk requiring urgent intervention, particularly given potential PTSD exacerbation.",crisis
73,"A 28-year-old teacher is seeking help. He mentions experiencing relocation. For lately, he has been experiencing difficulty coping and feeling overwhelmed. He also reports anxiety about future, sense of loss, uncertainty. This has resulted in unable to function normally. He has mentioned psychotic symptoms. He wants to know what kind of help would be most appropriate.",Crisis,"AI Severity: High; AI Concern: Adjustment/life transitions; AI Recommendations: Urgent psychiatric evaluation to assess psychotic symptoms and rule out severe mental health conditions (e.g., psychotic disorder, severe depression with psychotic features), Referral to a licensed therapist specializing in adjustment disorders and anxiety management for structured support; AI Reasoning: The combination of relocation stress, functional impairment, anxiety, and reported psychotic symptoms suggests significant distress requiring immediate professional intervention to ensure safety and stabilization.",crisis
74,"A 35-year-old working professional is seeking help. She mentions experiencing family conflict. For lately, she has been experiencing relationship conflict and social withdrawal. She also reports communication problems, resentment, emotional distress from relationships. This has resulted in unable to function normally. She has mentioned psychotic symptoms. She is unsure whether professional help is needed.",Crisis,"AI Severity: High; AI Concern: Depression/Mood disorders; AI Recommendations: Urgent consultation with a mental health professional (psychiatrist or psychologist) to assess psychotic symptoms and emotional distress, Consider a safety plan if psychotic symptoms include risk of harm to self or others; AI Reasoning: The presence of psychotic symptoms alongside impaired functioning and emotional distress indicates a high-severity condition requiring immediate professional evaluation, particularly to rule out severe mood disorders or other psychiatric concerns.",crisis
75,"A 26-year-old graduate student is seeking help. They mentions experiencing isolation. For lately, they has been experiencing hopelessness and difficulty concentrating. They also reports changes in appetite, low energy, changes in sleep. This has resulted in unable to function normally. They has mentioned severe substance use. They is asking for recommendations on how to proceed.",Crisis,"AI Severity: High; AI Concern: Depression/Mood disorders; AI Recommendations: Seek immediate evaluation by a mental health professional (psychiatrist or therapist) for depression and substance use assessment, Contact a crisis hotline or emergency services if symptoms worsen or suicidal thoughts emerge; AI Reasoning: The combination of hopelessness, functional impairment, severe substance use, and neurovegetative symptoms (sleep/appetite changes) indicates significant depression requiring professional intervention.",crisis
76,"A 41-year-old veteran is seeking help. He mentions experiencing workplace conflicts. For the past week, he has been experiencing anger and trust issues. He also reports social withdrawal, resentment, emotional distress from relationships. This has resulted in unable to function normally. He has mentioned suicidal thoughts. He is looking for guidance on what to do next.",Crisis,"AI Severity: Crisis; AI Concern: Trauma/PTSD; AI Recommendations: Immediately contact a crisis hotline or emergency services for safety assessment due to suicidal thoughts, Seek urgent evaluation by a mental health professional specializing in trauma/veteran care; AI Reasoning: The presence of suicidal thoughts, severe functional impairment, and reported trauma history (veteran status) indicate an acute crisis requiring immediate intervention.",crisis
77,"A 28-year-old teacher is seeking help. He mentions experiencing job change. For lately, he has been experiencing feeling overwhelmed and identity confusion. He also reports sense of loss, uncertainty, stress from change. This has resulted in unable to function normally. He has mentioned severe substance use. He is asking for recommendations on how to proceed.",Crisis,"AI Severity: High; AI Concern: Adjustment/life transitions; AI Recommendations: Immediate referral to a mental health professional (e.g., psychologist or psychiatrist) for evaluation and intervention, particularly given the severe substance use and functional impairment, Encourage contact with a crisis hotline or emergency services if substance use poses immediate harm or if suicidal ideation is present; AI Reasoning: The combination of severe substance use, functional impairment, and identity confusion during a major life transition suggests significant distress requiring professional intervention. The risk of harm from substance use elevates the severity.",crisis
78,"A 41-year-old veteran is seeking help. He mentions experiencing work pressure. For a few days, he has been experiencing restlessness and panic attacks. He also reports social withdrawal. This has resulted in minimal impact on daily activities. He is looking for guidance on what to do next.",Low,"AI Severity: Moderate; AI Concern: Anxiety disorders; AI Recommendations: Schedule an appointment with a mental health professional for a comprehensive evaluation and potential therapy (e.g., CBT for anxiety and panic attacks)., Practice stress-reduction techniques such as mindfulness, deep breathing, or grounding exercises to manage acute symptoms.; AI Reasoning: The veteran exhibits notable anxiety symptoms (panic attacks, restlessness) and social withdrawal, which are affecting his well-being but not yet severely impairing daily functioning. Professional support is warranted.",low
79,"A 52-year-old manager is seeking help. He mentions experiencing becoming a parent. For a few days, he has been experiencing identity confusion and uncertainty. He also reports stress from change. This has resulted in minimal impact on daily activities. He is unsure whether professional help is needed.",Low,"AI Severity: Low; AI Concern: Adjustment/life transitions; AI Recommendations: Self-help strategies such as journaling, mindfulness, or talking to trusted friends/family, Monitor symptoms for 2-4 weeks; seek professional help if symptoms worsen or persist; AI Reasoning: The individual reports situational stress and identity confusion related to a recent life transition (becoming a parent), with minimal impact on daily functioning, suggesting a low-severity adjustment reaction.",low
80,"A 35-year-old working professional is seeking help. She mentions experiencing workplace conflicts. For the past week, she has been experiencing loneliness and communication problems. She also reports trust issues, anger, emotional distress from relationships. This has resulted in unable to function normally. She has mentioned severe substance use. She is asking for recommendations on how to proceed.",Crisis,"AI Severity: High; AI Concern: Substance use concerns; AI Recommendations: Seek immediate professional evaluation for substance use and emotional distress (e.g., addiction specialist or mental health crisis service), Contact a licensed therapist or counselor specializing in trauma/relationship issues and substance use disorders for structured intervention; AI Reasoning: Severe substance use combined with inability to function normally and emotional distress indicates high risk, warranting urgent professional intervention. Workplace conflicts and trust issues may exacerbate underlying concerns.",crisis
81,"A 52-year-old manager is seeking help. He mentions experiencing divorce/breakup. For 3 months, he has been experiencing trust issues and emotional distress from relationships. He also reports anger, social withdrawal, loneliness. This has resulted in significant impairment in multiple areas. He is unsure whether professional help is needed.",High,"AI Severity: High; AI Concern: Adjustment/life transitions; AI Recommendations: Encourage immediate consultation with a licensed mental health professional (e.g., therapist or counselor) for structured support and coping strategies, Recommend evaluation for potential mood or anxiety disorders given the duration and impairment of symptoms; AI Reasoning: The 3-month duration of emotional distress, trust issues, anger, social withdrawal, and significant impairment across multiple areas suggests a high-severity adjustment reaction, potentially compounded by underlying mood or anxiety concerns.",high
82,"A 26-year-old graduate student is seeking help. They mentions experiencing work pressure. For the past week, they has been experiencing avoidance behaviors and fear. They also reports difficulty relaxing, panic attacks, restlessness. This has resulted in unable to function normally. They has mentioned self-harm. They is looking for guidance on what to do next.",Crisis,"AI Severity: Crisis; AI Concern: Anxiety disorders; AI Recommendations: Seek immediate professional help (e.g., crisis hotline, emergency mental health services, or hospital if self-harm is imminent), Contact a trusted person for support and safety planning until professional help is available; AI Reasoning: The presence of panic attacks, inability to function, and self-harm mentions indicate an acute crisis requiring urgent intervention to ensure safety and stabilization.",crisis
83,"A 35-year-old working professional is seeking help. She mentions experiencing isolation. For several weeks, she has been experiencing persistent sadness and difficulty concentrating. She also reports loss of interest in activities, changes in sleep, changes in appetite. This has resulted in some difficulty with work/school or relationships. She is looking for guidance on what to do next.",Moderate,"AI Severity: Moderate; AI Concern: Depression/Mood disorders; AI Recommendations: Schedule an appointment with a licensed mental health professional (e.g., therapist or counselor) for evaluation and support, Consider discussing short-term coping strategies with a primary care physician, such as sleep hygiene or stress management techniques; AI Reasoning: The reported symptoms (persistent sadness, anhedonia, sleep/appetite changes, and functional impairment) align with moderate depressive symptoms requiring professional intervention.",moderate
84,"A 52-year-old manager is seeking help. He mentions experiencing combat experience. For 2 months, he has been experiencing avoidance of reminders and nightmares. He also reports intrusive thoughts, irritability, flashbacks. This has resulted in significant impairment in multiple areas. He is asking for recommendations on how to proceed.",High,"AI Severity: High; AI Concern: Trauma/PTSD; AI Recommendations: Seek immediate evaluation by a mental health professional specializing in trauma/PTSD (e.g., psychologist or psychiatrist with PTSD expertise), Consider evidence-based treatments such as Prolonged Exposure (PE) or Cognitive Processing Therapy (CPT) for PTSD; AI Reasoning: The presence of combat-related trauma, intrusive symptoms (nightmares, flashbacks), avoidance, and significant functional impairment for 2 months strongly suggests PTSD, warranting professional intervention.",high
85,"A 22-year-old college student is seeking help. They mentions experiencing chronic stress. For lately, they has been experiencing fatigue and loss of interest in activities. They also reports worthlessness, low energy, hopelessness. This has resulted in unable to function normally. They has mentioned suicidal thoughts. They is asking for recommendations on how to proceed.",Crisis,"AI Severity: Crisis; AI Concern: Depression/Mood disorders; AI Recommendations: Seek immediate professional help (e.g., crisis hotline, emergency mental health services, or hospital evaluation), Contact a trusted person (friend, family, or campus support) to ensure safety and provide support until professional help is available; AI Reasoning: The presence of suicidal thoughts, hopelessness, and inability to function indicates an acute crisis requiring urgent intervention to ensure safety.",crisis
86,"A 22-year-old college student is seeking help. They mentions experiencing past traumatic event. For about a week, they has been experiencing flashbacks and nightmares. This has resulted in minimal impact on daily activities. They is looking for guidance on what to do next.",Low,"AI Severity: Moderate; AI Concern: Trauma/PTSD; AI Recommendations: Seek trauma-focused therapy (e.g., EMDR or CBT) with a licensed mental health professional, Practice grounding techniques and self-care to manage flashbacks/nightmares in the short term; AI Reasoning: Recent onset of flashbacks and nightmares following a traumatic event suggests acute PTSD symptoms, though daily functioning remains minimally impacted, warranting professional support.",low
87,"A 19-year-old university freshman is seeking help. She mentions experiencing combat experience. For a month, she has been experiencing flashbacks and intrusive thoughts. She also reports nightmares, avoidance of reminders, emotional numbness. This has resulted in some difficulty with work/school or relationships. She is asking for recommendations on how to proceed.",Moderate,"AI Severity: High; AI Concern: Trauma/PTSD; AI Recommendations: Seek immediate evaluation by a mental health professional specializing in trauma/PTSD (e.g., psychologist or psychiatrist), Contact university counseling services or a crisis hotline for urgent support and safety planning; AI Reasoning: The reported symptoms (flashbacks, intrusive thoughts, nightmares, avoidance, emotional numbness) align strongly with PTSD criteria, and the functional impairment (school/work/relationships) warrants prompt professional intervention.",moderate
88,"A 26-year-old graduate student is seeking help. They mentions experiencing recent accident. For several months, they has been experiencing flashbacks and nightmares. They also reports irritability, avoidance of reminders, emotional numbness. This has resulted in significant impairment in multiple areas. They is unsure whether professional help is needed.",High,"AI Severity: High; AI Concern: Trauma/PTSD; AI Recommendations: Seek evaluation by a mental health professional specializing in trauma/PTSD as soon as possible, Consider evidence-based therapies like EMDR or prolonged exposure therapy, and discuss potential medication options with a psychiatrist; AI Reasoning: The presence of flashbacks, nightmares, avoidance, emotional numbness, and significant impairment following a traumatic event strongly suggests PTSD, which typically requires professional intervention.",high
89,"A 38-year-old small business owner is seeking help. She mentions experiencing recent loss. For on and off for 2 weeks, she has been experiencing persistent sadness and difficulty concentrating. She also reports changes in appetite. This has resulted in minimal impact on daily activities. She wants to know what kind of help would be most appropriate.",Low,"AI Severity: Moderate; AI Concern: Depression/Mood disorders; AI Recommendations: Short-term counseling (e.g., cognitive behavioral therapy) to address grief and mood symptoms, Monitor symptoms for worsening or persistence beyond 4 weeks; consider psychiatric evaluation if no improvement; AI Reasoning: Persistent sadness, concentration difficulties, and appetite changes for 2 weeks with minimal functional impairment suggest moderate depressive symptoms likely linked to recent loss, warranting professional support.",low
90,"A 45-year-old parent is seeking help. They mentions experiencing health concerns. For 2 months, they has been experiencing racing thoughts and restlessness. They also reports physical tension, panic attacks, excessive worry. This has resulted in significant impairment in multiple areas. They is looking for guidance on what to do next.",High,"AI Severity: High; AI Concern: Anxiety disorders; AI Recommendations: Seek evaluation by a mental health professional (psychiatrist or psychologist) for possible diagnosis and treatment (e.g., therapy, medication), Consider contacting a crisis hotline or emergency services if panic attacks worsen or become unmanageable; AI Reasoning: The reported symptoms (racing thoughts, restlessness, physical tension, panic attacks, excessive worry) for 2 months with significant impairment align with severe anxiety, warranting professional intervention.",high
91,"A 19-year-old university freshman is seeking help. She mentions experiencing work pressure. For the past week, she has been experiencing difficulty relaxing and restlessness. She also reports excessive worry, nervousness, racing thoughts. This has resulted in unable to function normally. She has mentioned psychotic symptoms. She is looking for guidance on what to do next.",Crisis,"AI Severity: High; AI Concern: Anxiety disorders; AI Recommendations: Seek immediate evaluation by a mental health professional (e.g., psychiatrist or psychologist) due to reported psychotic symptoms and functional impairment, Contact university counseling services or a crisis hotline for urgent support; AI Reasoning: The presence of psychotic symptoms alongside severe anxiety and functional impairment suggests a high-risk presentation requiring prompt professional assessment.",crisis
92,"A 19-year-old university freshman is seeking help. She mentions experiencing recent accident. For a month, she has been experiencing emotional numbness and irritability. She also reports avoidance of reminders, flashbacks, nightmares. This has resulted in some difficulty with work/school or relationships. She is looking for guidance on what to do next.",Moderate,"AI Severity: High; AI Concern: Trauma/PTSD; AI Recommendations: Seek evaluation by a mental health professional specializing in trauma (e.g., psychologist or psychiatrist) for evidence-based treatment (e.g., trauma-focused CBT or EMDR), Contact university counseling services or a local crisis line for immediate support and safety planning if symptoms worsen; AI Reasoning: The presence of flashbacks, nightmares, emotional numbness, and avoidance for over a month following an accident, combined with functional impairment, strongly suggests PTSD. Professional intervention is warranted.",moderate
93,"A 26-year-old graduate student is seeking help. They mentions experiencing assault. For several weeks, they has been experiencing hypervigilance and startle response. They also reports nightmares, flashbacks. This has resulted in some difficulty with work/school or relationships. They is unsure whether professional help is needed.",Moderate,"AI Severity: High; AI Concern: Trauma/PTSD; AI Recommendations: Seek trauma-focused therapy (e.g., EMDR, CBT for PTSD) with a licensed mental health professional immediately, Contact a crisis hotline or support group for trauma survivors if symptoms worsen or safety is a concern; AI Reasoning: The reported symptoms (hypervigilance, startle response, nightmares, flashbacks) strongly suggest PTSD following assault, significantly impairing functioning and warranting urgent professional intervention.",moderate
94,"A 19-year-old university freshman is seeking help. She mentions experiencing combat experience. For 2 months, she has been experiencing intrusive thoughts and nightmares. She also reports startle response, emotional numbness, irritability. This has resulted in significant impairment in multiple areas. She is looking for guidance on what to do next.",High,"AI Severity: High; AI Concern: Trauma/PTSD; AI Recommendations: Seek immediate evaluation by a mental health professional specializing in trauma/PTSD (e.g., psychologist, psychiatrist, or trauma-informed therapist), Contact university counseling services or a crisis hotline for urgent support and safety planning if symptoms worsen; AI Reasoning: The reported symptoms (intrusive thoughts, nightmares, startle response, emotional numbness, irritability, and functional impairment) align strongly with PTSD criteria, particularly given the mention of 'combat experience,' warranting prompt professional intervention.",high
95,"A 41-year-old veteran is seeking help. He mentions experiencing family history. For 2 months, he has been experiencing cravings and failed attempts to cut down. He also reports withdrawal symptoms, tolerance, increased substance use. This has resulted in significant impairment in multiple areas. He wants to know what kind of help would be most appropriate.",High,"AI Severity: High; AI Concern: Substance use concerns; AI Recommendations: Immediate referral to a specialized addiction treatment program (e.g., VA substance use disorder services or residential treatment), Evaluation for medication-assisted treatment (MAT) and integrated mental health support (e.g., trauma-informed therapy); AI Reasoning: The veteran exhibits clear signs of a substance use disorder (cravings, withdrawal, tolerance, failed attempts to quit, and functional impairment), warranting urgent professional intervention.",high
96,"A 41-year-old veteran is seeking help. He mentions experiencing stress. For 2 months, he has been experiencing withdrawal symptoms and using to cope. He also reports neglecting responsibilities, cravings, tolerance. This has resulted in significant impairment in multiple areas. He is asking for recommendations on how to proceed.",High,"AI Severity: High; AI Concern: Substance use concerns; AI Recommendations: Immediate referral to a specialized addiction treatment program or mental health professional with expertise in substance use disorders and veteran-specific care, Encourage contact with a local Veterans Affairs (VA) facility for comprehensive assessment and support services; AI Reasoning: The veteran exhibits clear signs of a substance use disorder (withdrawal, cravings, tolerance, neglect of responsibilities, and functional impairment) with significant risk of escalation, warranting urgent professional intervention.",high
97,"A 19-year-old university freshman is seeking help. She mentions experiencing social situations. For 3 weeks, she has been experiencing excessive worry and physical tension. She also reports panic attacks, restlessness. This has resulted in some difficulty with work/school or relationships. She is looking for guidance on what to do next.",Moderate,"AI Severity: Moderate; AI Concern: Anxiety disorders; AI Recommendations: Schedule an appointment with a campus mental health counselor or therapist for evaluation and support, Practice stress-reduction techniques such as mindfulness, deep breathing, or progressive muscle relaxation to manage symptoms; AI Reasoning: The reported symptoms (excessive worry, panic attacks, restlessness, and functional impairment) align with moderate anxiety, likely exacerbated by the transition to university life, warranting professional support.",moderate
98,"A 30-year-old healthcare worker is seeking help. She mentions experiencing peer pressure. For recent days, she has been experiencing neglecting responsibilities and withdrawal symptoms. She also reports failed attempts to cut down, cravings, using to cope. This has resulted in unable to function normally. She has mentioned psychotic symptoms. She is looking for guidance on what to do next.",Crisis,"AI Severity: Crisis; AI Concern: Substance use concerns; AI Recommendations: Seek immediate professional evaluation for substance use disorder and psychotic symptoms, preferably through an emergency psychiatric service or addiction specialist, Contact a crisis hotline or emergency services if symptoms escalate or safety is a concern; AI Reasoning: The combination of withdrawal symptoms, failed attempts to cut down, cravings, functional impairment, and psychotic symptoms indicates a severe substance use disorder with potential co-occurring psychiatric emergency requiring urgent intervention.",crisis
99,"A 41-year-old veteran is seeking help. He mentions experiencing work pressure. For on and off for 2 weeks, he has been experiencing physical tension and racing thoughts. This has resulted in minimal impact on daily activities. He is unsure whether professional help is needed.",Low,"AI Severity: Low; AI Concern: Anxiety disorders; AI Recommendations: Monitor symptoms for 1-2 weeks and practice stress-reduction techniques (e.g., mindfulness, exercise, or deep breathing), Consider speaking with a counselor if symptoms persist or worsen, especially given the veteran status (VA resources may be available); AI Reasoning: Symptoms are mild, situational, and have minimal impact on daily functioning, but the veteran context and potential for escalation warrant proactive monitoring.",low
100,"A 38-year-old small business owner is seeking help. She mentions experiencing combat experience. For lately, she has been experiencing irritability and nightmares. She also reports hypervigilance, intrusive thoughts, emotional numbness. This has resulted in unable to function normally. She has mentioned self-harm. She is asking for recommendations on how to proceed.",Crisis,"AI Severity: Crisis; AI Concern: Trauma/PTSD; AI Recommendations: Immediate contact with a crisis hotline or emergency mental health services due to self-harm risk, Urgent referral to a trauma-specialized mental health professional (e.g., PTSD therapist or psychiatrist); AI Reasoning: The combination of combat-related trauma symptoms (nightmares, hypervigilance, intrusive thoughts, emotional numbness), functional impairment, and self-harm indicates an acute crisis requiring immediate intervention.",crisis
101,"A 38-year-old small business owner is seeking help. She mentions experiencing work pressure. For a few days, she has been experiencing avoidance behaviors and panic attacks. She also reports restlessness, startle response. This has resulted in minimal impact on daily activities. She is looking for guidance on what to do next.",Low,"AI Severity: Moderate; AI Concern: Anxiety disorders; AI Recommendations: Consult a mental health professional for cognitive-behavioral therapy (CBT) to address panic attacks and avoidance behaviors, Practice stress-reduction techniques such as mindfulness or deep breathing exercises to manage restlessness and startle response; AI Reasoning: The presence of panic attacks, avoidance behaviors, and heightened startle response suggests an anxiety disorder, though daily functioning remains minimally impacted, warranting professional support but not urgent intervention.",low
102,"A 22-year-old college student is seeking help. They mentions experiencing financial stress. For recent days, they has been experiencing fear and physical tension. They also reports restlessness, difficulty relaxing, nervousness. This has resulted in unable to function normally. They has mentioned self-harm. They wants to know what kind of help would be most appropriate.",Crisis,"AI Severity: Crisis; AI Concern: Anxiety disorders; AI Recommendations: Immediate contact with a crisis hotline or emergency mental health services due to self-harm mention, Urgent referral to a mental health professional (psychiatrist or psychologist) for evaluation and intervention; AI Reasoning: The presence of self-harm, severe functional impairment, and acute anxiety symptoms indicates an immediate safety risk requiring urgent intervention.",crisis
103,"A 52-year-old manager is seeking help. He mentions experiencing chronic stress. For on and off for 2 weeks, he has been experiencing low energy and loss of interest in activities. This has resulted in minimal impact on daily activities. He wants to know what kind of help would be most appropriate.",Low,"AI Severity: Moderate; AI Concern: Depression/Mood disorders; AI Recommendations: Consider short-term counseling or therapy (e.g., CBT) to address mood symptoms and stress management, Encourage lifestyle adjustments (e.g., exercise, sleep hygiene, social engagement) alongside professional support; AI Reasoning: The presence of low energy and anhedonia for 2 weeks, even with minimal functional impairment, suggests early depressive symptoms warranting intervention to prevent escalation.",low
104,"A 30-year-old healthcare worker is seeking help. She mentions experiencing stress. For a month, she has been experiencing cravings and failed attempts to cut down. She also reports using to cope, neglecting responsibilities, tolerance. This has resulted in some difficulty with work/school or relationships. She is unsure whether professional help is needed.",Moderate,"AI Severity: High; AI Concern: Substance use concerns; AI Recommendations: Seek evaluation by an addiction specialist or mental health professional for substance use disorder assessment, Consider evidence-based treatment options (e.g., therapy, support groups like SMART Recovery or 12-step programs); AI Reasoning: The presence of cravings, failed attempts to cut down, tolerance, and functional impairment (work/relationships) suggests a moderate-to-severe substance use disorder requiring professional intervention.",moderate
105,"A 41-year-old veteran is seeking help. He mentions experiencing combat experience. For several months, he has been experiencing startle response and nightmares. He also reports emotional numbness, intrusive thoughts, hypervigilance. This has resulted in significant impairment in multiple areas. He is asking for recommendations on how to proceed.",High,"AI Severity: High; AI Concern: Trauma/PTSD; AI Recommendations: Seek evaluation by a mental health professional specializing in trauma/PTSD (e.g., VA PTSD specialist or trauma-informed therapist), Consider evidence-based treatments like Prolonged Exposure (PE) or Cognitive Processing Therapy (CPT) for PTSD; AI Reasoning: The veteran exhibits hallmark PTSD symptoms (intrusive thoughts, hypervigilance, emotional numbness, nightmares) with significant functional impairment, warranting professional intervention.",high
106,"A 28-year-old teacher is seeking help. He mentions experiencing loss of loved one. For several months, he has been experiencing hypervigilance and intrusive thoughts. He also reports irritability, emotional numbness, nightmares. This has resulted in significant impairment in multiple areas. He wants to know what kind of help would be most appropriate.",High,"AI Severity: High; AI Concern: Trauma/PTSD; AI Recommendations: Immediate referral to a trauma-specialized mental health professional (e.g., psychologist or psychiatrist with PTSD expertise), Consider evidence-based therapies such as EMDR or prolonged exposure therapy, alongside possible medication evaluation; AI Reasoning: The combination of hypervigilance, intrusive thoughts, emotional numbness, nightmares, and functional impairment following a loss strongly suggests PTSD or complex grief, warranting urgent professional intervention.",high
107,"A 30-year-old healthcare worker is seeking help. She mentions experiencing peer pressure. For the past week, she has been experiencing increased substance use and withdrawal symptoms. She also reports failed attempts to cut down, cravings, neglecting responsibilities. This has resulted in unable to function normally. She has mentioned severe substance use. She is looking for guidance on what to do next.",Crisis,"AI Severity: Crisis; AI Concern: Substance use concerns; AI Recommendations: Seek immediate medical or addiction specialist evaluation due to severe withdrawal symptoms and functional impairment, Contact a crisis hotline or emergency services if withdrawal symptoms worsen or safety is at risk; AI Reasoning: The presence of severe withdrawal symptoms, failed attempts to cut down, cravings, and inability to function normally indicates a high-risk substance use disorder requiring urgent intervention.",crisis
108,"A 41-year-old veteran is seeking help. He mentions experiencing isolation. For 2 months, he has been experiencing changes in sleep and loss of interest in activities. He also reports hopelessness, worthlessness, difficulty concentrating. This has resulted in significant impairment in multiple areas. He is looking for guidance on what to do next.",High,"AI Severity: High; AI Concern: Depression/Mood disorders; AI Recommendations: Seek immediate evaluation by a mental health professional (e.g., psychiatrist or psychologist) for potential major depressive disorder, Contact a veterans' support service (e.g., VA mental health resources) for specialized care and crisis intervention if needed; AI Reasoning: The reported symptoms (hopelessness, worthlessness, anhedonia, sleep disturbance, concentration issues) align with major depressive disorder criteria, and the 2-month duration with significant impairment warrants urgent professional intervention.",high
109,"A 28-year-old teacher is seeking help. He mentions experiencing chronic stress. For on and off for 2 weeks, he has been experiencing changes in sleep and low energy. He also reports fatigue. This has resulted in minimal impact on daily activities. He is unsure whether professional help is needed.",Low,"AI Severity: Low; AI Concern: Adjustment/life transitions; AI Recommendations: Monitor symptoms for another 1-2 weeks and practice stress-reduction techniques (e.g., mindfulness, exercise, sleep hygiene), Consider speaking with a counselor if symptoms persist or worsen, especially if they begin to interfere with work or relationships; AI Reasoning: Symptoms are mild, transient, and minimally disruptive, suggesting situational stress rather than a severe disorder, but duration and potential progression warrant observation.",low
110,"A 38-year-old small business owner is seeking help. She mentions experiencing past traumatic event. For 3 weeks, she has been experiencing flashbacks and emotional numbness. She also reports irritability, startle response, nightmares. This has resulted in some difficulty with work/school or relationships. She wants to know what kind of help would be most appropriate.",Moderate,"AI Severity: High; AI Concern: Trauma/PTSD; AI Recommendations: Immediate referral to a trauma-specialized therapist (e.g., EMDR or CBT-trained clinician), Evaluation for PTSD with a mental health professional to assess need for medication or structured therapy; AI Reasoning: Symptoms (flashbacks, emotional numbness, irritability, startle response, nightmares) align with PTSD criteria, and the 3-week duration with functional impairment warrants urgent intervention.",moderate
111,"A 52-year-old manager is seeking help. He mentions experiencing loss of loved one. For the past week, he has been experiencing irritability and emotional numbness. He also reports intrusive thoughts, nightmares, avoidance of reminders. This has resulted in unable to function normally. He has mentioned suicidal thoughts. He wants to know what kind of help would be most appropriate.",Crisis,"AI Severity: Crisis; AI Concern: Trauma/PTSD; AI Recommendations: Immediate evaluation by a mental health crisis team or emergency services due to suicidal thoughts and functional impairment, Referral to a trauma-specialized therapist or PTSD treatment program for evidence-based interventions (e.g., EMDR, CBT); AI Reasoning: The combination of recent bereavement, intrusive thoughts, nightmares, avoidance, emotional numbness, and active suicidal ideation indicates acute trauma-related distress with imminent safety risks.",crisis
112,"A 28-year-old teacher is seeking help. He mentions experiencing assault. For 3 weeks, he has been experiencing nightmares and startle response. He also reports flashbacks, avoidance of reminders, emotional numbness. This has resulted in some difficulty with work/school or relationships. He wants to know what kind of help would be most appropriate.",Moderate,"AI Severity: High; AI Concern: Trauma/PTSD; AI Recommendations: Immediate referral to a trauma-specialized mental health professional (e.g., psychologist or psychiatrist with PTSD expertise), Consider evidence-based therapies such as Prolonged Exposure (PE) or Cognitive Processing Therapy (CPT); AI Reasoning: The reported symptoms (nightmares, flashbacks, avoidance, emotional numbness, and functional impairment) align strongly with PTSD criteria following assault, warranting prompt professional intervention.",moderate
113,"A 19-year-old university freshman is seeking help. She mentions experiencing other mental health issues. For several months, she has been experiencing failed attempts to cut down and withdrawal symptoms. She also reports cravings, tolerance, increased substance use. This has resulted in significant impairment in multiple areas. She is looking for guidance on what to do next.",High,"AI Severity: High; AI Concern: Substance use concerns; AI Recommendations: Seek immediate evaluation by a mental health professional specializing in addiction or substance use disorders, Consider contacting a local addiction treatment center or university counseling services for structured support; AI Reasoning: The reported symptoms (failed attempts to cut down, withdrawal, cravings, tolerance, increased use, and significant impairment) strongly indicate a severe substance use disorder requiring urgent professional intervention.",high
114,"A 52-year-old manager is seeking help. He mentions experiencing graduation. For recent days, he has been experiencing feeling overwhelmed and anxiety about future. He also reports difficulty coping, uncertainty, identity confusion. This has resulted in unable to function normally. He has mentioned psychotic symptoms. He is unsure whether professional help is needed.",Crisis,"AI Severity: High; AI Concern: Anxiety disorders; AI Recommendations: Immediate psychiatric evaluation to assess psychotic symptoms and rule out severe mental health conditions (e.g., psychotic disorder, severe depression with psychotic features), Referral to a licensed mental health professional (psychologist/psychiatrist) for structured therapy (e.g., CBT) and potential medication management; AI Reasoning: The presence of psychotic symptoms, combined with severe functional impairment, identity confusion, and acute anxiety, indicates a high-risk presentation requiring urgent professional intervention.",crisis
115,"A 38-year-old small business owner is seeking help. She mentions experiencing recent loss. For the past week, she has been experiencing fatigue and low energy. She also reports persistent sadness, worthlessness, changes in appetite. This has resulted in unable to function normally. She has mentioned suicidal thoughts. She is asking for recommendations on how to proceed.",Crisis,"AI Severity: Crisis; AI Concern: Depression/Mood disorders; AI Recommendations: Seek immediate professional help (e.g., crisis hotline, emergency psychiatric services, or a mental health professional) due to suicidal thoughts and inability to function, Ensure safety by removing access to means of self-harm and staying with a trusted person until professional support is secured; AI Reasoning: The presence of suicidal thoughts, persistent sadness, worthlessness, and functional impairment indicates an acute crisis requiring urgent intervention to ensure safety.",crisis
116,"A 19-year-old university freshman is seeking help. She mentions experiencing relocation. For 2 months, she has been experiencing sense of loss and uncertainty. She also reports difficulty coping, anxiety about future, feeling overwhelmed. This has resulted in significant impairment in multiple areas. She wants to know what kind of help would be most appropriate.",High,"AI Severity: Moderate; AI Concern: Adjustment/life transitions; AI Recommendations: Short-term counseling or therapy (e.g., university counseling services) to address coping strategies and adjustment difficulties, Psychoeducation on stress management and mindfulness techniques to reduce anxiety and overwhelm; AI Reasoning: The symptoms align with adjustment disorder due to relocation and life transition, with notable impairment but no immediate safety concerns, warranting professional support.",high
117,"A 30-year-old healthcare worker is seeking help. She mentions experiencing chronic pain. For on and off for 2 weeks, she has been experiencing using to cope and failed attempts to cut down. She also reports cravings, withdrawal symptoms. This has resulted in minimal impact on daily activities. She wants to know what kind of help would be most appropriate.",Low,"AI Severity: High; AI Concern: Substance use concerns; AI Recommendations: Referral to a specialized addiction treatment program or counselor for substance use disorder evaluation, Encourage engagement with a primary care provider to address withdrawal symptoms and chronic pain management alternatives; AI Reasoning: The presence of cravings, withdrawal symptoms, and failed attempts to cut down despite minimal functional impairment suggests a developing substance use disorder requiring professional intervention.",low
118,"A 45-year-old parent is seeking help. They mentions experiencing relocation. For a few days, they has been experiencing stress from change and anxiety about future. They also reports identity confusion, feeling overwhelmed, difficulty relaxing. This has resulted in minimal impact on daily activities. They is asking for recommendations on how to proceed.",Low,"AI Severity: Moderate; AI Concern: Adjustment/life transitions; AI Recommendations: Engage in structured self-help strategies (e.g., mindfulness, journaling, or stress management techniques) to address current symptoms, Consider short-term counseling or therapy to process the relocation and associated stress, particularly if symptoms persist or worsen; AI Reasoning: The individual reports situational stress and anxiety related to relocation, with mild functional impairment and identity confusion, suggesting an adjustment disorder that may benefit from targeted support.",low
119,"A 35-year-old working professional is seeking help. She mentions experiencing chronic stress. For 3 weeks, she has been experiencing persistent sadness and low energy. She also reports changes in appetite, fatigue, worthlessness. This has resulted in some difficulty with work/school or relationships. She is unsure whether professional help is needed.",Moderate,"AI Severity: Moderate; AI Concern: Depression/Mood disorders; AI Recommendations: Schedule an appointment with a mental health professional (e.g., therapist or counselor) for evaluation and support, Engage in self-care strategies (e.g., regular sleep, balanced diet, physical activity) and monitor symptoms for worsening; AI Reasoning: The individual exhibits multiple symptoms of depression (sadness, fatigue, worthlessness, appetite changes) for 3+ weeks, impacting functioning, but no immediate safety concerns are reported.",moderate
120,"A 35-year-old working professional is seeking help. She mentions experiencing health concerns. For on and off for 2 weeks, she has been experiencing difficulty relaxing and restlessness. This has resulted in minimal impact on daily activities. She wants to know what kind of help would be most appropriate.",Low,"AI Severity: Low; AI Concern: Anxiety disorders; AI Recommendations: Self-help strategies such as mindfulness, relaxation exercises, or stress management techniques, Consultation with a primary care provider or mental health professional for further evaluation if symptoms persist or worsen; AI Reasoning: The symptoms described (difficulty relaxing, restlessness) are mild and have minimal impact on daily activities, suggesting situational stress or early-stage anxiety that may benefit from self-help interventions.",low
121,"A 22-year-old college student is seeking help. They mentions experiencing becoming a parent. For several weeks, they has been experiencing anxiety about future and uncertainty. They also reports feeling overwhelmed, difficulty coping, stress from change. This has resulted in some difficulty with work/school or relationships. They wants to know what kind of help would be most appropriate.",Moderate,"AI Severity: Moderate; AI Concern: Adjustment/life transitions; AI Recommendations: Short-term counseling or therapy (e.g., cognitive-behavioral therapy) to address anxiety and coping strategies, Support groups for new parents or students navigating life transitions; AI Reasoning: The individual is experiencing notable anxiety and stress related to a significant life transition (becoming a parent), which is impacting functioning but does not appear to be a crisis or severe disorder.",moderate
122,"A 41-year-old veteran is seeking help. He mentions experiencing stress. For the past week, he has been experiencing neglecting responsibilities and withdrawal symptoms. He also reports tolerance, using to cope, increased substance use. This has resulted in unable to function normally. He has mentioned severe substance use. He is looking for guidance on what to do next.",Crisis,"AI Severity: Crisis; AI Concern: Substance use concerns; AI Recommendations: Seek immediate professional help from a substance use disorder specialist or addiction treatment center, Contact a crisis hotline or emergency services if safety is at risk due to withdrawal or overdose potential; AI Reasoning: The veteran exhibits severe substance use with tolerance, withdrawal, functional impairment, and use as a coping mechanism, indicating a high-risk situation requiring urgent intervention.",crisis
123,"A 41-year-old veteran is seeking help. He mentions experiencing family history. For 3 weeks, he has been experiencing tolerance and using to cope. He also reports increased substance use, withdrawal symptoms. This has resulted in some difficulty with work/school or relationships. He is asking for recommendations on how to proceed.",Moderate,"AI Severity: High; AI Concern: Substance use concerns; AI Recommendations: Immediate referral to a specialized addiction treatment program or mental health professional with expertise in substance use disorders and veteran-specific care, Encourage contact with a local Veterans Affairs (VA) facility for comprehensive assessment and support services; AI Reasoning: The presence of tolerance, withdrawal symptoms, and functional impairment (work/relationships) over 3 weeks indicates a severe substance use disorder requiring urgent professional intervention, especially given the veteran's background and potential co-occurring conditions.",moderate
124,"A 52-year-old manager is seeking help. He mentions experiencing recent loss. For a month, he has been experiencing changes in sleep and low energy. He also reports difficulty concentrating, worthlessness, hopelessness. This has resulted in some difficulty with work/school or relationships. He wants to know what kind of help would be most appropriate.",Moderate,"AI Severity: Moderate; AI Concern: Depression/Mood disorders; AI Recommendations: Consult a licensed mental health professional (e.g., psychologist or psychiatrist) for evaluation and potential therapy (e.g., CBT or interpersonal therapy), Consider discussing short-term medication options with a psychiatrist if symptoms persist or worsen; AI Reasoning: The reported symptoms (low energy, worthlessness, hopelessness, concentration difficulties, and functional impairment) align with moderate depressive disorder, likely triggered by recent loss. Professional intervention is warranted to prevent escalation.",moderate
125,"A 22-year-old college student is seeking help. They mentions experiencing empty nest. For several months, they has been experiencing stress from change and difficulty coping. They also reports anxiety about future, identity confusion, sense of loss. This has resulted in significant impairment in multiple areas. They is unsure whether professional help is needed.",High,"AI Severity: Moderate; AI Concern: Adjustment/life transitions; AI Recommendations: Schedule an appointment with a campus counseling center or mental health professional for evaluation and support, Explore stress-management techniques (e.g., mindfulness, journaling) and connect with peer support groups for students in transition; AI Reasoning: The student exhibits significant distress related to life transitions (e.g., identity confusion, future anxiety) with functional impairment, warranting professional support, though no immediate crisis indicators are present.",high
126,"A 22-year-old college student is seeking help. They mentions experiencing financial stress. For 2 months, they has been experiencing avoidance behaviors and excessive worry. They also reports fear, restlessness, racing thoughts. This has resulted in significant impairment in multiple areas. They is looking for guidance on what to do next.",High,"AI Severity: High; AI Concern: Anxiety disorders; AI Recommendations: Seek immediate evaluation by a mental health professional (e.g., campus counseling services, therapist, or psychiatrist) for structured intervention (e.g., CBT or medication if warranted)., Contact a crisis hotline or support service (e.g., 988 in the U.S.) if symptoms worsen or feel unmanageable, especially if racing thoughts include self-harm ideation.; AI Reasoning: The 2-month duration of excessive worry, avoidance, restlessness, and racing thoughts with significant impairment across multiple areas strongly suggests an anxiety disorder (e.g., generalized anxiety or panic symptoms). Financial stress may exacerbate but does not fully explain the severity.",high
127,"A 28-year-old teacher is seeking help. He mentions experiencing social situations. For 3 months, he has been experiencing difficulty relaxing and racing thoughts. He also reports physical tension, restlessness, excessive worry. This has resulted in significant impairment in multiple areas. He is unsure whether professional help is needed.",High,"AI Severity: High; AI Concern: Anxiety disorders; AI Recommendations: Seek evaluation by a mental health professional (e.g., psychologist or psychiatrist) for potential generalized anxiety disorder or related conditions, Consider cognitive-behavioral therapy (CBT) as a first-line treatment for symptom management; AI Reasoning: The reported symptoms (racing thoughts, restlessness, excessive worry, physical tension, and significant impairment for 3+ months) strongly suggest an anxiety disorder requiring professional intervention.",high
128,"A 41-year-old veteran is seeking help. He mentions experiencing social situations. For 3 weeks, he has been experiencing physical tension and panic attacks. He also reports avoidance behaviors, restlessness, excessive worry. This has resulted in some difficulty with work/school or relationships. He is asking for recommendations on how to proceed.",Moderate,"AI Severity: High; AI Concern: Anxiety disorders; AI Recommendations: Seek evaluation by a mental health professional (e.g., psychologist, psychiatrist) for possible anxiety disorder or PTSD, given the veteran status and symptom duration., Consider evidence-based therapies such as Cognitive Behavioral Therapy (CBT) or Prolonged Exposure (PE) therapy, especially if trauma-related symptoms are present.; AI Reasoning: The combination of panic attacks, avoidance behaviors, restlessness, and excessive worry for 3+ weeks, along with functional impairment, suggests a moderate-to-high severity anxiety disorder, potentially exacerbated by trauma history (veteran status).",moderate
129,"A 26-year-old graduate student is seeking help. They mentions experiencing divorce/breakup. For about a week, they has been experiencing communication problems and relationship conflict. They also reports nervousness. This has resulted in minimal impact on daily activities. They wants to know what kind of help would be most appropriate.",Low,"AI Severity: Low; AI Concern: Relationship/interpersonal issues; AI Recommendations: Self-help resources (e.g., books, online articles on communication skills and coping with breakups), Short-term counseling or support groups for relationship stress; AI Reasoning: The individual reports situational stress from a recent breakup with minimal impact on daily functioning, suggesting low severity. The primary concern is relationship/interpersonal issues, and self-help or brief counseling would be appropriate.",low
130,"A 41-year-old veteran is seeking help. He mentions experiencing family conflict. For several months, he has been experiencing relationship conflict and trust issues. He also reports resentment, emotional distress from relationships, social withdrawal. This has resulted in significant impairment in multiple areas. He wants to know what kind of help would be most appropriate.",High,"AI Severity: High; AI Concern: Trauma/PTSD; AI Recommendations: Referral to a mental health professional specializing in trauma/PTSD and veteran-specific care (e.g., VA services or trauma-informed therapist), Consider evidence-based therapies such as Prolonged Exposure (PE) or Cognitive Processing Therapy (CPT) for PTSD, alongside couples/family therapy for relationship conflict; AI Reasoning: The veteran's symptoms (resentment, emotional distress, social withdrawal, and relationship impairment) align with trauma-related sequelae, particularly given the context of military service. The severity is high due to functional impairment across multiple domains.",high
131,"A 35-year-old working professional is seeking help. She mentions experiencing job change. For 3 weeks, she has been experiencing stress from change and sense of loss. She also reports uncertainty, feeling overwhelmed, identity confusion. This has resulted in some difficulty with work/school or relationships. She is unsure whether professional help is needed.",Moderate,"AI Severity: Moderate; AI Concern: Adjustment/life transitions; AI Recommendations: Consider short-term counseling or therapy to address adjustment challenges and develop coping strategies, Explore stress management techniques (e.g., mindfulness, time management) and social support systems; AI Reasoning: The symptoms align with an adjustment disorder related to a recent job change, causing distress and mild functional impairment, but no severe or urgent concerns are present.",moderate
132,"A 28-year-old teacher is seeking help. He mentions experiencing becoming a parent. For several weeks, he has been experiencing uncertainty and difficulty coping. He also reports stress from change, anxiety about future. This has resulted in some difficulty with work/school or relationships. He wants to know what kind of help would be most appropriate.",Moderate,"AI Severity: Moderate; AI Concern: Adjustment/life transitions; AI Recommendations: Short-term counseling or therapy (e.g., CBT) to address adjustment challenges and coping strategies, Support groups for new parents to share experiences and reduce isolation; AI Reasoning: The individual is experiencing notable stress and anxiety related to a major life transition (parenthood), affecting functioning, but there are no signs of severe impairment or crisis.",moderate
133,"A 52-year-old manager is seeking help. He mentions experiencing graduation. For a month, he has been experiencing anxiety about future and sense of loss. He also reports feeling overwhelmed, uncertainty, difficulty coping. This has resulted in some difficulty with work/school or relationships. He is looking for guidance on what to do next.",Moderate,"AI Severity: Moderate; AI Concern: Adjustment/life transitions; AI Recommendations: Consider short-term counseling or therapy to address adjustment difficulties and develop coping strategies, Explore stress management techniques such as mindfulness, exercise, or time management to improve daily functioning; AI Reasoning: The individual's symptoms align with an adjustment disorder related to a life transition, causing moderate impairment in work and relationships but without signs of crisis or severe mental illness.",moderate
134,"A 45-year-old parent is seeking help. They mentions experiencing isolation. For 3 months, they has been experiencing fatigue and difficulty concentrating. They also reports persistent sadness, hopelessness, low energy. This has resulted in significant impairment in multiple areas. They is looking for guidance on what to do next.",High,"AI Severity: High; AI Concern: Depression/Mood disorders; AI Recommendations: Seek evaluation by a mental health professional (e.g., psychiatrist or psychologist) for potential diagnosis and treatment (e.g., therapy, medication, or both), Contact a crisis hotline or support service if symptoms worsen or suicidal thoughts emerge; AI Reasoning: Persistent sadness, hopelessness, fatigue, and impaired functioning for 3 months align with moderate-to-severe depression, warranting professional intervention.",high
135,"A 19-year-old university freshman is seeking help. She mentions experiencing health concerns. For several weeks, she has been experiencing physical tension and excessive worry. She also reports nervousness, restlessness, fear. This has resulted in some difficulty with work/school or relationships. She is asking for recommendations on how to proceed.",Moderate,"AI Severity: Moderate; AI Concern: Anxiety disorders; AI Recommendations: Schedule an appointment with a campus counseling center or mental health professional for evaluation and support, Practice stress-reduction techniques such as mindfulness, deep breathing, or progressive muscle relaxation; AI Reasoning: The reported symptoms (excessive worry, restlessness, fear, and functional impairment) align with moderate anxiety, warranting professional support while not indicating immediate crisis.",moderate
136,"A 38-year-old small business owner is seeking help. She mentions experiencing chronic stress. For 3 months, she has been experiencing persistent sadness and hopelessness. She also reports changes in appetite, fatigue, changes in sleep. This has resulted in significant impairment in multiple areas. She is asking for recommendations on how to proceed.",High,"AI Severity: High; AI Concern: Depression/Mood disorders; AI Recommendations: Seek evaluation by a mental health professional (psychiatrist or psychologist) for potential diagnosis and treatment (e.g., therapy, medication), Consider contacting a crisis hotline or support service if symptoms worsen or suicidal thoughts emerge; AI Reasoning: Persistent sadness, hopelessness, and functional impairment for 3 months align with moderate-to-severe depressive symptoms, warranting professional intervention.",high
137,"A 52-year-old manager is seeking help. He mentions experiencing empty nest. For a month, he has been experiencing sense of loss and feeling overwhelmed. He also reports identity confusion, stress from change, anxiety about future. This has resulted in some difficulty with work/school or relationships. He wants to know what kind of help would be most appropriate.",Moderate,"AI Severity: Moderate; AI Concern: Adjustment/life transitions; AI Recommendations: Short-term counseling or therapy (e.g., cognitive-behavioral therapy) to address adjustment difficulties and identity confusion, Support groups for individuals experiencing empty nest syndrome or life transitions; AI Reasoning: The symptoms are notable and affecting functioning but do not indicate severe impairment or crisis. The primary issue aligns with adjustment to a life transition (empty nest), with secondary anxiety and stress.",moderate
138,"A 26-year-old graduate student is seeking help. They mentions experiencing work pressure. For on and off for 2 weeks, they has been experiencing difficulty relaxing and racing thoughts. They also reports fear, restlessness. This has resulted in minimal impact on daily activities. They is unsure whether professional help is needed.",Low,"AI Severity: Moderate; AI Concern: Anxiety disorders; AI Recommendations: Consider short-term counseling or therapy to address anxiety symptoms and coping strategies, Practice stress-reduction techniques (e.g., mindfulness, exercise, or relaxation exercises); AI Reasoning: The symptoms of racing thoughts, restlessness, and difficulty relaxing for 2 weeks suggest moderate anxiety, though daily functioning remains minimally impacted, warranting professional support but not urgent intervention.",low
139,"A 45-year-old parent is seeking help. They mentions experiencing health concerns. For a few days, they has been experiencing fear and avoidance behaviors. They also reports panic attacks, difficulty relaxing. This has resulted in minimal impact on daily activities. They is unsure whether professional help is needed.",Low,"AI Severity: Moderate; AI Concern: Anxiety disorders; AI Recommendations: Consider short-term counseling or therapy to address panic attacks and avoidance behaviors, Practice relaxation techniques (e.g., deep breathing, mindfulness) and monitor symptoms for worsening; AI Reasoning: The presence of panic attacks, fear, and avoidance behaviors suggests an anxiety disorder, though daily functioning remains minimally impacted, indicating moderate severity.",low
140,"A 19-year-old university freshman is seeking help. She mentions experiencing combat experience. For the past week, she has been experiencing hypervigilance and intrusive thoughts. She also reports nightmares, avoidance of reminders, startle response. This has resulted in unable to function normally. She has mentioned severe substance use. She is looking for guidance on what to do next.",Crisis,"AI Severity: Crisis; AI Concern: Trauma/PTSD; AI Recommendations: Seek immediate professional evaluation (e.g., campus counseling center, emergency mental health services, or crisis hotline) due to severe symptoms and substance use, Ensure safety by reducing access to substances and creating a support plan with trusted individuals; AI Reasoning: The combination of hypervigilance, intrusive thoughts, nightmares, avoidance, startle response, functional impairment, and severe substance use strongly suggests acute PTSD with safety risks requiring urgent intervention.",crisis
141,"A 38-year-old small business owner is seeking help. She mentions experiencing recent loss. For 3 weeks, she has been experiencing changes in appetite and low energy. She also reports changes in sleep, hopelessness. This has resulted in some difficulty with work/school or relationships. She is unsure whether professional help is needed.",Moderate,"AI Severity: Moderate; AI Concern: Depression/Mood disorders; AI Recommendations: Schedule an evaluation with a mental health professional (e.g., therapist or psychiatrist) to assess for depressive symptoms and discuss treatment options (e.g., therapy, medication)., Engage in self-care strategies (e.g., regular sleep, balanced diet, physical activity) and consider support groups or peer networks to address feelings of hopelessness.; AI Reasoning: The reported symptoms (low energy, hopelessness, appetite/sleep changes, and functional impairment) align with moderate depressive symptoms, likely triggered by recent loss, warranting professional support.",moderate
142,"A 52-year-old manager is seeking help. He mentions experiencing other mental health issues. For several months, he has been experiencing using to cope and failed attempts to cut down. He also reports tolerance, increased substance use, cravings. This has resulted in significant impairment in multiple areas. He wants to know what kind of help would be most appropriate.",High,"AI Severity: High; AI Concern: Substance use concerns; AI Recommendations: Referral to a specialized addiction treatment program (e.g., outpatient or inpatient rehabilitation), Consultation with a psychiatrist for evaluation of co-occurring mental health disorders and potential medication-assisted treatment; AI Reasoning: The reported symptoms (tolerance, cravings, failed attempts to cut down, and significant impairment) strongly indicate a substance use disorder requiring professional intervention.",high
143,"A 38-year-old small business owner is seeking help. She mentions experiencing friendship problems. For the past week, she has been experiencing trust issues and resentment. She also reports anger, loneliness, social withdrawal. This has resulted in unable to function normally. She has mentioned suicidal thoughts. She is asking for recommendations on how to proceed.",Crisis,"AI Severity: Crisis; AI Concern: Depression/Mood disorders; AI Recommendations: Seek immediate professional help (e.g., crisis hotline, emergency mental health services, or a licensed therapist), Ensure safety by removing access to means of self-harm and staying with a trusted person if possible; AI Reasoning: The presence of suicidal thoughts, inability to function normally, and acute emotional distress indicate an immediate safety risk requiring urgent intervention.",crisis
144,"A 52-year-old manager is seeking help. He mentions experiencing recent loss. For about a week, he has been experiencing low energy and persistent sadness. He also reports fatigue. This has resulted in minimal impact on daily activities. He is looking for guidance on what to do next.",Low,"AI Severity: Low; AI Concern: Adjustment/life transitions; AI Recommendations: Engage in self-care practices such as regular exercise, healthy eating, and maintaining a consistent sleep schedule, Consider short-term counseling or support groups to process the recent loss and adjust to the transition; AI Reasoning: The symptoms are mild, situational (linked to recent loss), and have minimal impact on daily functioning, suggesting an adjustment reaction rather than a severe disorder.",low
145,"A 38-year-old small business owner is seeking help. She mentions experiencing past traumatic event. For the past week, she has been experiencing avoidance of reminders and irritability. She also reports flashbacks, startle response, emotional numbness. This has resulted in unable to function normally. She has mentioned severe substance use. She wants to know what kind of help would be most appropriate.",Crisis,"AI Severity: Crisis; AI Concern: Trauma/PTSD; AI Recommendations: Immediate evaluation by a mental health professional (e.g., psychiatrist or trauma specialist) for safety assessment and stabilization, Urgent referral to a crisis intervention service or emergency psychiatric care due to severe symptoms and substance use; AI Reasoning: The combination of recent severe PTSD symptoms (flashbacks, emotional numbness, avoidance, startle response), functional impairment, and severe substance use indicates an acute crisis requiring urgent intervention to ensure safety and stabilization.",crisis
146,"A 52-year-old manager is seeking help. He mentions experiencing chronic stress. For 2 months, he has been experiencing persistent sadness and low energy. He also reports changes in sleep, loss of interest in activities, fatigue. This has resulted in significant impairment in multiple areas. He is unsure whether professional help is needed.",High,"AI Severity: High; AI Concern: Depression/Mood disorders; AI Recommendations: Seek evaluation by a mental health professional (e.g., psychiatrist or psychologist) for potential major depressive disorder, Consider initiating evidence-based treatment (e.g., psychotherapy like CBT or medication if clinically indicated); AI Reasoning: The patient exhibits multiple persistent symptoms of depression (sadness, anhedonia, sleep disturbance, fatigue) with functional impairment for 2 months, meeting criteria for likely moderate-to-severe depressive episode.",high
147,"A 45-year-old parent is seeking help. They mentions experiencing retirement. For about a week, they has been experiencing stress from change and sense of loss. This has resulted in minimal impact on daily activities. They is looking for guidance on what to do next.",Low,"AI Severity: Low; AI Concern: Adjustment/life transitions; AI Recommendations: Engage in self-help strategies such as mindfulness, journaling, or connecting with supportive friends/family to process the transition, Consider short-term counseling or a support group for retirement adjustment if symptoms persist or worsen; AI Reasoning: The individual reports situational stress related to retirement with minimal impact on daily functioning, indicating a low-severity adjustment reaction rather than a clinical disorder.",low
148,"A 52-year-old manager is seeking help. He mentions experiencing financial stress. For 3 months, he has been experiencing fear and restlessness. He also reports difficulty relaxing, avoidance behaviors, racing thoughts. This has resulted in significant impairment in multiple areas. He is looking for guidance on what to do next.",High,"AI Severity: High; AI Concern: Anxiety disorders; AI Recommendations: Seek evaluation by a mental health professional (e.g., psychologist or psychiatrist) for potential anxiety disorder diagnosis and treatment (e.g., CBT or medication), Consider stress management techniques (e.g., mindfulness, relaxation exercises) while awaiting professional care, and reach out to a financial advisor to address underlying stressors; AI Reasoning: The reported symptoms (fear, restlessness, avoidance, racing thoughts, and significant impairment for 3 months) align with moderate-to-severe anxiety, warranting professional intervention. Financial stress may be a contributing factor but does not fully explain the severity.",high
149,"A 38-year-old small business owner is seeking help. She mentions experiencing divorce/breakup. For 3 weeks, she has been experiencing loneliness and emotional distress from relationships. She also reports anger, relationship conflict. This has resulted in some difficulty with work/school or relationships. She is looking for guidance on what to do next.",Moderate,"AI Severity: Moderate; AI Concern: Adjustment/life transitions; AI Recommendations: Consider short-term counseling or therapy to address emotional distress and relationship conflicts, Explore support groups for individuals going through divorce/breakup to reduce loneliness; AI Reasoning: The individual is experiencing notable emotional distress and relationship conflicts following a significant life transition (divorce/breakup), which is impacting her functioning, but there are no indications of crisis or severe impairment.",moderate
150,"A 45-year-old parent is seeking help. They mentions experiencing empty nest. For a month, they has been experiencing identity confusion and anxiety about future. They also reports uncertainty, sense of loss, feeling overwhelmed. This has resulted in some difficulty with work/school or relationships. They is unsure whether professional help is needed.",Moderate,"AI Severity: Moderate; AI Concern: Adjustment/life transitions; AI Recommendations: Consider short-term counseling or therapy to address identity confusion and anxiety related to the empty nest transition, Explore support groups for parents experiencing similar life changes to normalize feelings and gain coping strategies; AI Reasoning: The symptoms align with a significant life transition (empty nest) causing moderate distress and functional impairment, but there are no indications of crisis or severe disorder.",moderate
151,"A 19-year-old university freshman is seeking help. She mentions experiencing assault. For 2 months, she has been experiencing irritability and intrusive thoughts. She also reports nightmares, emotional numbness, flashbacks. This has resulted in significant impairment in multiple areas. She wants to know what kind of help would be most appropriate.",High,"AI Severity: High; AI Concern: Trauma/PTSD; AI Recommendations: Immediate referral to a trauma-specialized mental health professional (e.g., psychologist or psychiatrist with PTSD expertise), Consideration of evidence-based therapies such as EMDR or prolonged exposure therapy, alongside safety planning and stabilization; AI Reasoning: The presence of intrusive thoughts, nightmares, flashbacks, emotional numbness, and functional impairment for 2 months post-assault strongly suggests PTSD, warranting urgent professional intervention.",high
152,"A 28-year-old teacher is seeking help. He mentions experiencing workplace conflicts. For several weeks, he has been experiencing resentment and trust issues. He also reports relationship conflict, social withdrawal, emotional distress from relationships. This has resulted in some difficulty with work/school or relationships. He wants to know what kind of help would be most appropriate.",Moderate,"AI Severity: Moderate; AI Concern: Relationship/interpersonal issues; AI Recommendations: Short-term counseling or therapy (e.g., CBT or interpersonal therapy) to address workplace and relationship conflicts, Stress management techniques and social re-engagement strategies; AI Reasoning: The individual exhibits notable emotional distress and functional impairment due to interpersonal conflicts, warranting professional support, but no immediate crisis indicators are present.",moderate
153,"A 26-year-old graduate student is seeking help. They mentions experiencing graduation. For the past week, they has been experiencing identity confusion and stress from change. They also reports anxiety about future, uncertainty, feeling overwhelmed. This has resulted in unable to function normally. They has mentioned self-harm. They is unsure whether professional help is needed.",Crisis,"AI Severity: High; AI Concern: Adjustment/life transitions; AI Recommendations: Immediate consultation with a mental health professional (e.g., therapist or psychiatrist) to assess safety and develop a coping plan, Contact a crisis hotline or emergency services if self-harm urges escalate or feel uncontrollable; AI Reasoning: The presence of self-harm mentions, inability to function normally, and acute distress during a major life transition indicate significant impairment and potential safety risks, warranting urgent professional intervention.",crisis
154,"A 38-year-old small business owner is seeking help. She mentions experiencing combat experience. For a month, she has been experiencing avoidance of reminders and intrusive thoughts. She also reports emotional numbness, startle response, irritability. This has resulted in some difficulty with work/school or relationships. She is unsure whether professional help is needed.",Moderate,"AI Severity: High; AI Concern: Trauma/PTSD; AI Recommendations: Seek evaluation by a mental health professional specializing in trauma/PTSD (e.g., trauma-focused CBT or EMDR), Consider contacting a crisis line or PTSD support group for immediate coping strategies; AI Reasoning: The combination of combat experience, intrusive thoughts, avoidance, emotional numbness, and hyperarousal symptoms (startle response, irritability) strongly suggests PTSD, with notable impairment in functioning.",moderate
155,"A 22-year-old college student is seeking help. They mentions experiencing workplace conflicts. For 3 weeks, they has been experiencing anger and emotional distress from relationships. They also reports communication problems, loneliness. This has resulted in some difficulty with work/school or relationships. They is looking for guidance on what to do next.",Moderate,"AI Severity: Moderate; AI Concern: Relationship/interpersonal issues; AI Recommendations: Consider short-term counseling or therapy to address communication problems and emotional distress, Explore campus or community support groups for social connection and coping strategies; AI Reasoning: The individual reports notable emotional distress and interpersonal conflicts affecting functioning, but no severe or crisis-level symptoms are indicated.",moderate
156,"A 52-year-old manager is seeking help. He mentions experiencing recent loss. For about a week, he has been experiencing hopelessness and worthlessness. He also reports changes in sleep. This has resulted in minimal impact on daily activities. He is looking for guidance on what to do next.",Low,"AI Severity: Moderate; AI Concern: Depression/Mood disorders; AI Recommendations: Schedule an appointment with a mental health professional (e.g., therapist or counselor) for evaluation and support, Engage in self-care strategies (e.g., regular sleep, physical activity, social connection) while monitoring symptoms; AI Reasoning: The presence of hopelessness, worthlessness, and sleep changes for over a week, combined with a recent loss, suggests a depressive episode, though daily functioning remains minimally impacted.",low
157,"A 19-year-old university freshman is seeking help. She mentions experiencing workplace conflicts. For the past week, she has been experiencing loneliness and trust issues. She also reports emotional distress from relationships, relationship conflict, communication problems. This has resulted in unable to function normally. She has mentioned severe substance use. She wants to know what kind of help would be most appropriate.",Crisis,"AI Severity: High; AI Concern: Substance use concerns; AI Recommendations: Immediate referral to a mental health professional specializing in substance use and co-occurring disorders, Encourage contact with university counseling services or a crisis hotline for urgent support; AI Reasoning: The combination of severe substance use, emotional distress, relationship conflicts, and impaired functioning suggests significant risk requiring professional intervention. Substance use may exacerbate other symptoms and poses immediate safety concerns.",crisis
158,"A 52-year-old manager is seeking help. He mentions experiencing chronic pain. For recent days, he has been experiencing neglecting responsibilities and cravings. He also reports withdrawal symptoms, tolerance, using to cope. This has resulted in unable to function normally. He has mentioned psychotic symptoms. He is asking for recommendations on how to proceed.",Crisis,"AI Severity: Crisis; AI Concern: Substance use concerns; AI Recommendations: Seek immediate medical and psychiatric evaluation due to psychotic symptoms and withdrawal risks, Contact a crisis hotline or emergency services for urgent intervention and safety assessment; AI Reasoning: The combination of chronic pain, withdrawal symptoms, tolerance, psychotic symptoms, and inability to function suggests severe substance dependence with acute safety risks requiring urgent care.",crisis
159,"A 52-year-old manager is seeking help. He mentions experiencing divorce/breakup. For 2 months, he has been experiencing loneliness and relationship conflict. He also reports emotional distress from relationships, social withdrawal, communication problems. This has resulted in significant impairment in multiple areas. He is looking for guidance on what to do next.",High,"AI Severity: High; AI Concern: Relationship/interpersonal issues; AI Recommendations: Seek individual therapy with a licensed mental health professional to address emotional distress and coping strategies, Consider couples or family therapy if relationship conflicts persist to improve communication and resolve interpersonal issues; AI Reasoning: The individual reports significant impairment in multiple areas due to emotional distress and social withdrawal following a major life transition (divorce/breakup), warranting professional intervention.",high
160,"A 30-year-old healthcare worker is seeking help. She mentions experiencing chronic stress. For 2 months, she has been experiencing changes in sleep and persistent sadness. She also reports hopelessness, low energy, difficulty concentrating. This has resulted in significant impairment in multiple areas. She is asking for recommendations on how to proceed.",High,"AI Severity: High; AI Concern: Depression/Mood disorders; AI Recommendations: Seek evaluation by a mental health professional (psychiatrist or psychologist) for possible major depressive disorder, Consider contacting an employee assistance program (EAP) or workplace mental health resources for immediate support; AI Reasoning: The reported symptoms (persistent sadness, hopelessness, low energy, concentration difficulties, and functional impairment) align with moderate-to-severe depression, warranting professional intervention.",high
161,"A 28-year-old teacher is seeking help. He mentions experiencing retirement. For the past week, he has been experiencing anxiety about future and uncertainty. He also reports stress from change, identity confusion, feeling overwhelmed. This has resulted in unable to function normally. He has mentioned self-harm. He is looking for guidance on what to do next.",Crisis,"AI Severity: Crisis; AI Concern: Depression/Mood disorders; AI Recommendations: Seek immediate professional help (e.g., crisis hotline, emergency psychiatric services) due to self-harm mention, Encourage reaching out to a trusted person for support and safety planning; AI Reasoning: The presence of self-harm, inability to function normally, and acute distress indicate an immediate safety risk requiring urgent intervention.",crisis
162,"A 19-year-old university freshman is seeking help. She mentions experiencing past traumatic event. For on and off for 2 weeks, she has been experiencing startle response and nightmares. She also reports intrusive thoughts. This has resulted in minimal impact on daily activities. She is looking for guidance on what to do next.",Low,"AI Severity: Moderate; AI Concern: Trauma/PTSD; AI Recommendations: Seek trauma-informed counseling or therapy (e.g., CBT or EMDR) to address symptoms and process the traumatic event, Practice grounding techniques (e.g., deep breathing, mindfulness) to manage intrusive thoughts and startle responses; AI Reasoning: The presence of intrusive thoughts, nightmares, and startle responses for 2 weeks, linked to a past traumatic event, suggests acute stress or early PTSD symptoms, warranting professional support despite minimal functional impairment.",low
163,"A 28-year-old teacher is seeking help. He mentions experiencing work pressure. For lately, he has been experiencing racing thoughts and fear. He also reports panic attacks, physical tension, nervousness. This has resulted in unable to function normally. He has mentioned psychotic symptoms. He is unsure whether professional help is needed.",Crisis,"AI Severity: High; AI Concern: Anxiety disorders; AI Recommendations: Immediate consultation with a mental health professional (psychiatrist or psychologist) for evaluation of panic attacks and possible psychotic symptoms, Consider temporary work leave or reduced workload to manage stress and symptoms; AI Reasoning: The presence of panic attacks, functional impairment, and reported psychotic symptoms suggests severe anxiety with potential comorbid conditions requiring urgent professional assessment.",crisis
164,"A 35-year-old working professional is seeking help. She mentions experiencing seasonal changes. For 3 months, she has been experiencing changes in sleep and loss of interest in activities. She also reports fatigue, difficulty concentrating, hopelessness. This has resulted in significant impairment in multiple areas. She is looking for guidance on what to do next.",High,"AI Severity: High; AI Concern: Depression/Mood disorders; AI Recommendations: Seek evaluation by a mental health professional (psychiatrist or psychologist) for possible major depressive disorder, especially given the seasonal pattern and functional impairment, Consider contacting a crisis line or emergency services if symptoms worsen or suicidal thoughts emerge; AI Reasoning: The reported symptoms (persistent low mood, anhedonia, fatigue, concentration issues, hopelessness) lasting 3 months with significant impairment strongly suggest a depressive episode requiring professional intervention.",high
165,"A 45-year-old parent is seeking help. They mentions experiencing recent loss. For 3 weeks, they has been experiencing changes in sleep and difficulty concentrating. They also reports hopelessness, low energy. This has resulted in some difficulty with work/school or relationships. They is asking for recommendations on how to proceed.",Moderate,"AI Severity: Moderate; AI Concern: Depression/Mood disorders; AI Recommendations: Schedule an appointment with a licensed mental health professional (e.g., therapist or counselor) for evaluation and support, Engage in self-care practices (e.g., regular sleep, physical activity, social connection) and monitor symptoms for worsening; AI Reasoning: The reported symptoms (hopelessness, low energy, sleep changes, difficulty concentrating) align with moderate depressive symptoms, especially following a recent loss, and are impacting functioning.",moderate
166,"A 26-year-old graduate student is seeking help. They mentions experiencing financial stress. For about a week, they has been experiencing restlessness and physical tension. They also reports communication problems. This has resulted in minimal impact on daily activities. They wants to know what kind of help would be most appropriate.",Low,"AI Severity: Low; AI Concern: Adjustment/life transitions; AI Recommendations: Self-help strategies such as stress management techniques (e.g., mindfulness, exercise, or journaling) to address restlessness and tension, Short-term counseling or workshops focused on communication skills and financial stress management; AI Reasoning: The symptoms are mild, situational, and have minimal impact on daily functioning, suggesting an adjustment reaction to financial stress and communication challenges.",low
167,"A 26-year-old graduate student is seeking help. They mentions experiencing chronic stress. For recent days, they has been experiencing persistent sadness and hopelessness. They also reports low energy, loss of interest in activities, changes in sleep. This has resulted in unable to function normally. They has mentioned severe substance use. They is unsure whether professional help is needed.",Crisis,"AI Severity: High; AI Concern: Depression/Mood disorders; AI Recommendations: Immediate consultation with a mental health professional (psychiatrist or therapist) for evaluation and intervention, Encourage reaching out to a trusted support system (friends/family) and consider a safety plan if substance use or suicidal ideation is present; AI Reasoning: Persistent sadness, hopelessness, low energy, loss of interest, functional impairment, and severe substance use indicate significant depressive symptoms requiring urgent professional intervention.",crisis
168,"A 41-year-old veteran is seeking help. He mentions experiencing social situations. For a month, he has been experiencing nervousness and panic attacks. He also reports difficulty relaxing, fear, physical tension. This has resulted in some difficulty with work/school or relationships. He is unsure whether professional help is needed.",Moderate,"AI Severity: Moderate; AI Concern: Anxiety disorders; AI Recommendations: Encourage the individual to seek professional evaluation from a mental health provider, particularly one experienced in working with veterans and anxiety disorders, Suggest exploring evidence-based therapies such as Cognitive Behavioral Therapy (CBT) or mindfulness-based stress reduction techniques; AI Reasoning: The reported symptoms (nervousness, panic attacks, physical tension, and impairment in work/school/relationships) align with moderate anxiety disorder, warranting professional intervention but not indicating an immediate crisis.",moderate
169,"A 35-year-old working professional is seeking help. She mentions experiencing retirement. For several weeks, she has been experiencing uncertainty and anxiety about future. She also reports sense of loss, feeling overwhelmed, identity confusion. This has resulted in some difficulty with work/school or relationships. She is asking for recommendations on how to proceed.",Moderate,"AI Severity: Moderate; AI Concern: Adjustment/life transitions; AI Recommendations: Consider short-term counseling or therapy to address identity confusion and anxiety related to the transition, Explore structured self-help resources (e.g., workbooks on life transitions, mindfulness practices) to manage overwhelm and uncertainty; AI Reasoning: The symptoms align with an adjustment disorder related to a significant life transition, with notable but not severe functional impairment. Professional support would be beneficial but not urgent.",moderate
170,"A 22-year-old college student is seeking help. They mentions experiencing job change. For on and off for 2 weeks, they has been experiencing feeling overwhelmed and stress from change. They also reports identity confusion, difficulty coping. This has resulted in minimal impact on daily activities. They is unsure whether professional help is needed.",Low,"AI Severity: Moderate; AI Concern: Adjustment/life transitions; AI Recommendations: Consider short-term counseling or therapy to develop coping strategies for the job change and identity confusion, Explore stress-management techniques (e.g., mindfulness, time management) and self-help resources tailored to life transitions; AI Reasoning: The symptoms are notable but not severely impairing, with a clear situational trigger (job change), though identity confusion and difficulty coping suggest professional support would be beneficial.",low
171,"A 35-year-old working professional is seeking help. She mentions experiencing financial stress. For 2 months, she has been experiencing excessive worry and restlessness. She also reports panic attacks, physical tension, fear. This has resulted in significant impairment in multiple areas. She is unsure whether professional help is needed.",High,"AI Severity: High; AI Concern: Anxiety disorders; AI Recommendations: Seek evaluation by a mental health professional (e.g., psychologist or psychiatrist) for potential anxiety disorder diagnosis and treatment (e.g., CBT or medication), Practice stress-reduction techniques (e.g., mindfulness, deep breathing) while awaiting professional support; AI Reasoning: The presence of excessive worry, panic attacks, physical tension, fear, and significant impairment for 2 months suggests a likely anxiety disorder requiring professional intervention.",high
172,"A 19-year-old university freshman is seeking help. She mentions experiencing stress. For several months, she has been experiencing tolerance and increased substance use. She also reports neglecting responsibilities, cravings, failed attempts to cut down. This has resulted in significant impairment in multiple areas. She is looking for guidance on what to do next.",High,"AI Severity: High; AI Concern: Substance use concerns; AI Recommendations: Immediate referral to a licensed addiction specialist or substance use treatment program, Encourage engagement with university counseling services for concurrent mental health support; AI Reasoning: The reported symptoms (tolerance, increased use, neglect of responsibilities, cravings, failed cut-down attempts, and significant impairment) strongly indicate a substance use disorder requiring professional intervention.",high
173,"A 41-year-old veteran is seeking help. He mentions experiencing social situations. For 3 months, he has been experiencing avoidance behaviors and physical tension. He also reports restlessness, fear, excessive worry. This has resulted in significant impairment in multiple areas. He is unsure whether professional help is needed.",High,"AI Severity: High; AI Concern: Anxiety disorders; AI Recommendations: Encourage immediate consultation with a mental health professional (e.g., psychologist, psychiatrist) for evaluation and potential treatment (e.g., CBT, medication), Provide resources for veteran-specific mental health support (e.g., VA services, peer support groups); AI Reasoning: The veteran exhibits persistent symptoms of excessive worry, avoidance, physical tension, and restlessness for 3 months, with significant impairment across multiple areas, strongly suggesting an anxiety disorder requiring professional intervention.",high
174,"A 41-year-old veteran is seeking help. He mentions experiencing peer pressure. For on and off for 2 weeks, he has been experiencing neglecting responsibilities and withdrawal symptoms. He also reports cravings. This has resulted in minimal impact on daily activities. He is looking for guidance on what to do next.",Low,"AI Severity: Moderate; AI Concern: Substance use concerns; AI Recommendations: Encourage the veteran to seek a professional evaluation with a mental health provider specializing in substance use and veteran-specific care (e.g., VA services or veteran-focused programs)., Suggest exploring peer support groups for veterans (e.g., Veterans Alcoholics Anonymous or SMART Recovery) to address cravings and withdrawal symptoms in a structured, understanding environment.; AI Reasoning: The reported cravings, withdrawal symptoms, and neglect of responsibilities over a 2-week period strongly suggest substance use concerns, while the minimal impact on daily activities indicates moderate severity rather than a crisis.",low
175,"A 19-year-old university freshman is seeking help. She mentions experiencing financial stress. For 3 weeks, she has been experiencing nervousness and physical tension. She also reports excessive worry, restlessness, racing thoughts. This has resulted in some difficulty with work/school or relationships. She wants to know what kind of help would be most appropriate.",Moderate,"AI Severity: Moderate; AI Concern: Anxiety disorders; AI Recommendations: Short-term counseling or therapy (e.g., CBT) to address anxiety symptoms and coping strategies, Stress management techniques (e.g., mindfulness, relaxation exercises) and financial planning support if needed; AI Reasoning: The reported symptoms (excessive worry, restlessness, racing thoughts, physical tension) align with generalized anxiety disorder, and the 3-week duration with functional impairment suggests moderate severity requiring professional support.",moderate
176,"A 41-year-old veteran is seeking help. He mentions experiencing becoming a parent. For 2 months, he has been experiencing anxiety about future and identity confusion. He also reports sense of loss, uncertainty, difficulty coping. This has resulted in significant impairment in multiple areas. He is looking for guidance on what to do next.",High,"AI Severity: High; AI Concern: Adjustment/life transitions; AI Recommendations: Seek professional counseling (e.g., veteran-specific therapy or CBT) to address identity confusion and coping strategies, Consider a mental health evaluation to rule out comorbid conditions (e.g., PTSD or depression) given the significant impairment; AI Reasoning: The veteran's symptoms (anxiety, identity confusion, sense of loss, and functional impairment) align with a severe adjustment reaction to parenthood, exacerbated by prior military experience, warranting timely intervention.",high
177,"A 45-year-old parent is seeking help. They mentions experiencing seasonal changes. For a few days, they has been experiencing changes in sleep and low energy. This has resulted in minimal impact on daily activities. They is unsure whether professional help is needed.",Low,"AI Severity: Low; AI Concern: Adjustment/life transitions; AI Recommendations: Monitor symptoms for 1-2 weeks to observe if they persist or worsen, especially with seasonal changes, Engage in self-care strategies (e.g., regular sleep, light exercise, social connection) and track mood/energy levels; AI Reasoning: Symptoms are mild, brief, and minimally disruptive, suggesting a transient reaction to seasonal changes or stress rather than a clinical disorder.",low
178,"A 52-year-old manager is seeking help. He mentions experiencing family history. For several months, he has been experiencing neglecting responsibilities and increased substance use. He also reports using to cope, tolerance, withdrawal symptoms. This has resulted in significant impairment in multiple areas. He is asking for recommendations on how to proceed.",High,"AI Severity: High; AI Concern: Substance use concerns; AI Recommendations: Immediate referral to a licensed addiction specialist or treatment program for assessment and intervention, Encourage participation in a support group (e.g., AA, SMART Recovery) alongside professional treatment; AI Reasoning: The case describes chronic substance use with tolerance, withdrawal, and significant impairment across multiple life areas, indicating a severe substance use disorder requiring urgent professional intervention.",high
179,"A 38-year-old small business owner is seeking help. She mentions experiencing financial stress. For a month, she has been experiencing avoidance behaviors and panic attacks. She also reports excessive worry, difficulty relaxing, racing thoughts. This has resulted in some difficulty with work/school or relationships. She is unsure whether professional help is needed.",Moderate,"AI Severity: Moderate; AI Concern: Anxiety disorders; AI Recommendations: Consult a mental health professional (e.g., therapist or counselor) for cognitive-behavioral therapy (CBT) to address panic attacks and excessive worry, Explore stress management techniques (e.g., mindfulness, relaxation exercises) and financial planning resources to mitigate triggers; AI Reasoning: The presence of panic attacks, avoidance behaviors, and functional impairment (work/relationships) for a month suggests moderate anxiety requiring professional support, though no immediate crisis indicators are present.",moderate
180,"A 45-year-old parent is seeking help. They mentions experiencing divorce/breakup. For 3 months, they has been experiencing loneliness and resentment. They also reports trust issues, relationship conflict, emotional distress from relationships. This has resulted in significant impairment in multiple areas. They is asking for recommendations on how to proceed.",High,"AI Severity: Moderate; AI Concern: Relationship/interpersonal issues; AI Recommendations: Seek individual counseling to address trust issues, emotional distress, and coping strategies for post-breakup adjustment, Consider couples/family therapy if ongoing relationship conflicts persist (if applicable); AI Reasoning: The 3-month duration of symptoms with significant impairment in multiple areas suggests moderate severity, though no crisis indicators (e.g., self-harm, suicidality) are present. The primary concern stems from relationship dissolution and associated interpersonal challenges.",high
181,"A 52-year-old manager is seeking help. He mentions experiencing chronic stress. For lately, he has been experiencing difficulty concentrating and fatigue. He also reports changes in sleep, loss of interest in activities, changes in appetite. This has resulted in unable to function normally. He has mentioned severe substance use. He is asking for recommendations on how to proceed.",Crisis,"AI Severity: High; AI Concern: Depression/Mood disorders; AI Recommendations: Seek immediate evaluation by a mental health professional (psychiatrist or psychologist) for assessment of depression and substance use, Contact a crisis hotline or emergency services if symptoms worsen or suicidal thoughts emerge; AI Reasoning: The combination of chronic stress, impaired functioning, sleep/appetite changes, anhedonia, and severe substance use suggests major depressive disorder with potential substance use disorder, warranting urgent professional intervention.",crisis
182,"A 19-year-old university freshman is seeking help. She mentions experiencing divorce/breakup. For 2 months, she has been experiencing loneliness and anger. She also reports resentment, trust issues, social withdrawal. This has resulted in significant impairment in multiple areas. She wants to know what kind of help would be most appropriate.",High,"AI Severity: Moderate; AI Concern: Relationship/interpersonal issues; AI Recommendations: Short-term individual counseling (e.g., CBT or interpersonal therapy) to address trust issues, anger, and social withdrawal, Support group for young adults experiencing relationship transitions or breakups; AI Reasoning: The symptoms (loneliness, anger, resentment, trust issues, social withdrawal) are significant and impairing but lack crisis indicators (e.g., self-harm, suicidality). The distress appears tied to a recent breakup/divorce, suggesting relationship-related adjustment difficulties.",high
183,"A 41-year-old veteran is seeking help. He mentions experiencing assault. For 3 months, he has been experiencing irritability and emotional numbness. He also reports avoidance of reminders, intrusive thoughts, nightmares. This has resulted in significant impairment in multiple areas. He is looking for guidance on what to do next.",High,"AI Severity: High; AI Concern: Trauma/PTSD; AI Recommendations: Seek immediate evaluation by a mental health professional specializing in trauma/PTSD, preferably with experience working with veterans, Contact a crisis hotline or veterans' support service (e.g., Veterans Crisis Line) for immediate assistance and resources; AI Reasoning: The reported symptoms (intrusive thoughts, nightmares, avoidance, emotional numbness, irritability) align strongly with PTSD criteria, and the 3-month duration with significant impairment indicates high severity requiring professional intervention.",high
184,"A 38-year-old small business owner is seeking help. She mentions experiencing family history. For lately, she has been experiencing tolerance and failed attempts to cut down. She also reports cravings, using to cope, withdrawal symptoms. This has resulted in unable to function normally. She has mentioned psychotic symptoms. She is unsure whether professional help is needed.",Crisis,"AI Severity: Crisis; AI Concern: Substance use concerns; AI Recommendations: Immediate referral to a specialized addiction treatment program or psychiatric evaluation for co-occurring disorders (e.g., substance-induced psychosis), Encourage contact with a crisis hotline or emergency services if psychotic symptoms worsen or safety is at risk; AI Reasoning: The presence of tolerance, withdrawal, failed attempts to cut down, cravings, functional impairment, and psychotic symptoms indicates severe substance use disorder with potential psychiatric complications, requiring urgent intervention.",crisis
185,"A 26-year-old graduate student is seeking help. They mentions experiencing combat experience. For a few days, they has been experiencing emotional numbness and irritability. This has resulted in minimal impact on daily activities. They is asking for recommendations on how to proceed.",Low,"AI Severity: Moderate; AI Concern: Trauma/PTSD; AI Recommendations: Schedule an appointment with a mental health professional specializing in trauma or PTSD for a thorough evaluation., Practice grounding techniques (e.g., deep breathing, mindfulness) to manage emotional numbness and irritability in the short term.; AI Reasoning: The presence of combat experience alongside emotional numbness and irritability suggests potential trauma-related symptoms, though daily functioning remains minimally impacted, warranting professional assessment without immediate crisis.",low
186,"A 22-year-old college student is seeking help. They mentions experiencing empty nest. For several months, they has been experiencing feeling overwhelmed and identity confusion. They also reports uncertainty, stress from change, difficulty coping. This has resulted in significant impairment in multiple areas. They wants to know what kind of help would be most appropriate.",High,"AI Severity: Moderate; AI Concern: Adjustment/life transitions; AI Recommendations: Short-term counseling or therapy focused on coping strategies and identity exploration, Referral to campus mental health services or a licensed therapist specializing in young adult transitions; AI Reasoning: The symptoms align with adjustment disorder due to life transitions (e.g., college, identity confusion), causing functional impairment but no immediate crisis indicators.",high
187,"A 22-year-old college student is seeking help. They mentions experiencing financial stress. For several weeks, they has been experiencing fear and restlessness. They also reports difficulty relaxing, racing thoughts, avoidance behaviors. This has resulted in some difficulty with work/school or relationships. They is asking for recommendations on how to proceed.",Moderate,"AI Severity: Moderate; AI Concern: Anxiety disorders; AI Recommendations: Schedule an appointment with a campus counseling center or mental health professional for evaluation and therapy (e.g., CBT for anxiety), Practice stress-reduction techniques (e.g., mindfulness, deep breathing) and financial planning resources to address situational triggers; AI Reasoning: Symptoms of restlessness, racing thoughts, avoidance, and functional impairment align with moderate anxiety, exacerbated by financial stress, warranting professional support.",moderate
188,"A 19-year-old university freshman is seeking help. She mentions experiencing recent loss. For a month, she has been experiencing changes in appetite and persistent sadness. She also reports worthlessness, hopelessness, changes in sleep. This has resulted in some difficulty with work/school or relationships. She is looking for guidance on what to do next.",Moderate,"AI Severity: Moderate; AI Concern: Depression/Mood disorders; AI Recommendations: Encourage seeking professional counseling or therapy (e.g., university counseling services, local mental health provider), Suggest monitoring symptoms and considering self-help strategies (e.g., structured routines, social support, mindfulness) while awaiting professional support; AI Reasoning: The reported symptoms (persistent sadness, worthlessness, hopelessness, appetite/sleep changes, and functional impairment) align with moderate depressive symptoms, likely exacerbated by recent loss and adjustment to university life.",moderate
189,"A 35-year-old working professional is seeking help. She mentions experiencing social situations. For the past week, she has been experiencing excessive worry and difficulty relaxing. She also reports physical tension, avoidance behaviors, restlessness. This has resulted in unable to function normally. She has mentioned self-harm. She is asking for recommendations on how to proceed.",Crisis,"AI Severity: Crisis; AI Concern: Anxiety disorders; AI Recommendations: Seek immediate professional help (e.g., crisis hotline, emergency psychiatric services) due to self-harm mention and inability to function, Contact a trusted person for support and safety planning until professional help is secured; AI Reasoning: The presence of self-harm, severe functional impairment, and acute symptoms (excessive worry, restlessness, avoidance) indicates an immediate safety risk requiring urgent intervention.",crisis
190,"A 22-year-old college student is seeking help. They mentions experiencing chronic pain. For the past week, they has been experiencing increased substance use and using to cope. They also reports neglecting responsibilities, tolerance, failed attempts to cut down. This has resulted in unable to function normally. They has mentioned psychotic symptoms. They is unsure whether professional help is needed.",Crisis,"AI Severity: Crisis; AI Concern: Substance use concerns; AI Recommendations: Immediate referral to a mental health professional or addiction specialist for evaluation and intervention, Encourage contact with a crisis hotline or emergency services if psychotic symptoms worsen or safety is a concern; AI Reasoning: The combination of chronic pain, increased substance use with tolerance, failed attempts to cut down, functional impairment, and psychotic symptoms indicates a severe and potentially life-threatening situation requiring urgent intervention.",crisis
191,"A 38-year-old small business owner is seeking help. She mentions experiencing retirement. For a month, she has been experiencing sense of loss and uncertainty. She also reports difficulty coping, stress from change, anxiety about future. This has resulted in some difficulty with work/school or relationships. She is looking for guidance on what to do next.",Moderate,"AI Severity: Moderate; AI Concern: Adjustment/life transitions; AI Recommendations: Consider short-term counseling or therapy to develop coping strategies for this life transition, Explore stress management techniques such as mindfulness, exercise, or support groups for small business owners; AI Reasoning: The individual is experiencing notable but time-limited distress related to a major life transition (retirement), with symptoms affecting functioning but no indication of crisis or severe impairment.",moderate
192,"A 52-year-old manager is seeking help. He mentions experiencing friendship problems. For the past week, he has been experiencing relationship conflict and anger. He also reports communication problems, resentment, emotional distress from relationships. This has resulted in unable to function normally. He has mentioned psychotic symptoms. He wants to know what kind of help would be most appropriate.",Crisis,"AI Severity: High; AI Concern: Relationship/interpersonal issues; AI Recommendations: Immediate psychiatric evaluation due to reported psychotic symptoms, Referral to a licensed therapist specializing in anger management and relationship counseling; AI Reasoning: The presence of psychotic symptoms alongside severe interpersonal distress and functional impairment indicates a high-severity presentation requiring urgent professional intervention.",crisis
193,"A 52-year-old manager is seeking help. He mentions experiencing chronic pain. For lately, he has been experiencing cravings and using to cope. He also reports increased substance use, tolerance, neglecting responsibilities. This has resulted in unable to function normally. He has mentioned self-harm. He is asking for recommendations on how to proceed.",Crisis,"AI Severity: Crisis; AI Concern: Substance use concerns; AI Recommendations: Seek immediate professional help (e.g., emergency psychiatric evaluation or addiction specialist) due to self-harm risk and functional impairment, Contact a crisis hotline or emergency services if self-harm urges escalate; AI Reasoning: The combination of chronic pain, escalating substance use with tolerance, neglect of responsibilities, functional impairment, and self-harm indicates an acute crisis requiring urgent intervention.",crisis
194,"A 19-year-old university freshman is seeking help. She mentions experiencing isolation. For recent days, she has been experiencing worthlessness and difficulty concentrating. She also reports hopelessness, low energy, changes in sleep. This has resulted in unable to function normally. She has mentioned psychotic symptoms. She is unsure whether professional help is needed.",Crisis,"AI Severity: High; AI Concern: Depression/Mood disorders; AI Recommendations: Immediate referral to a mental health professional (psychiatrist or psychologist) for evaluation, especially given the reported psychotic symptoms, Encourage contact with a trusted person (e.g., family, friend) for support and safety monitoring until professional help is secured; AI Reasoning: The combination of depressive symptoms (worthlessness, hopelessness, low energy, sleep changes, impaired functioning) and psychotic symptoms suggests a severe mood disorder or potential psychotic episode, requiring urgent professional assessment.",crisis
195,"A 19-year-old university freshman is seeking help. She mentions experiencing workplace conflicts. For several months, she has been experiencing loneliness and emotional distress from relationships. She also reports social withdrawal, anger, communication problems. This has resulted in significant impairment in multiple areas. She is looking for guidance on what to do next.",High,"AI Severity: High; AI Concern: Depression/Mood disorders; AI Recommendations: Refer to a licensed mental health professional (e.g., psychologist or psychiatrist) for comprehensive evaluation and therapy (e.g., CBT or interpersonal therapy), Encourage engagement with university counseling services or a support group to address social withdrawal and relationship distress; AI Reasoning: The reported symptoms (loneliness, emotional distress, social withdrawal, anger, and significant impairment across multiple areas) align with moderate-to-severe depressive symptoms, warranting professional intervention.",high
196,"A 38-year-old small business owner is seeking help. She mentions experiencing friendship problems. For about a week, she has been experiencing relationship conflict and anger. This has resulted in minimal impact on daily activities. She wants to know what kind of help would be most appropriate.",Low,"AI Severity: Low; AI Concern: Relationship/interpersonal issues; AI Recommendations: Self-help resources (e.g., books, online articles on communication skills and conflict resolution), Short-term counseling or coaching to address relationship dynamics and anger management; AI Reasoning: The symptoms are mild, situational, and have minimal impact on daily functioning, suggesting low severity, but targeted support could prevent escalation.",low
197,"A 22-year-old college student is seeking help. They mentions experiencing retirement. For recent days, they has been experiencing feeling overwhelmed and uncertainty. They also reports stress from change, difficulty coping, anxiety about future. This has resulted in unable to function normally. They has mentioned severe substance use. They is asking for recommendations on how to proceed.",Crisis,"AI Severity: High; AI Concern: Substance use concerns; AI Recommendations: Seek immediate evaluation by a mental health professional or addiction specialist due to severe substance use and functional impairment, Contact a crisis hotline or campus counseling services for urgent support and safety planning; AI Reasoning: The combination of severe substance use, inability to function normally, and acute distress suggests high risk requiring professional intervention. The mention of 'retirement' may indicate confusion or disorientation, further warranting urgent assessment.",crisis
198,"A 35-year-old working professional is seeking help. She mentions experiencing retirement. For lately, she has been experiencing identity confusion and uncertainty. She also reports difficulty coping, stress from change, anxiety about future. This has resulted in unable to function normally. She has mentioned suicidal thoughts. She is asking for recommendations on how to proceed.",Crisis,"AI Severity: Crisis; AI Concern: Adjustment/life transitions; AI Recommendations: Seek immediate professional help (e.g., crisis hotline, emergency psychiatric services) due to suicidal thoughts, Engage in long-term therapy (e.g., cognitive behavioral therapy) to address identity confusion, anxiety, and coping strategies; AI Reasoning: The presence of suicidal thoughts and inability to function normally indicate an acute crisis requiring urgent intervention, despite the primary concern being adjustment-related.",crisis
199,"A 19-year-old university freshman is seeking help. She mentions experiencing combat experience. For a few days, she has been experiencing avoidance of reminders and intrusive thoughts. She also reports flashbacks. This has resulted in minimal impact on daily activities. She is looking for guidance on what to do next.",Low,"AI Severity: Moderate; AI Concern: Trauma/PTSD; AI Recommendations: Encourage her to seek a mental health professional specializing in trauma or PTSD for evaluation and potential therapy (e.g., CBT or EMDR)., Suggest grounding techniques (e.g., deep breathing, mindfulness) to manage flashbacks and intrusive thoughts in the short term.; AI Reasoning: The presence of flashbacks, intrusive thoughts, and avoidance behaviors aligns with trauma-related symptoms, though daily functioning remains minimally impacted, warranting professional support.",low
200,"A 38-year-old small business owner is seeking help. She mentions experiencing family history. For lately, she has been experiencing failed attempts to cut down and neglecting responsibilities. She also reports tolerance, increased substance use, cravings. This has resulted in unable to function normally. She has mentioned suicidal thoughts. She wants to know what kind of help would be most appropriate.",Crisis,"AI Severity: Crisis; AI Concern: Substance use concerns; AI Recommendations: Immediate evaluation by a mental health professional or addiction specialist for potential substance use disorder and suicidal ideation, Contact a crisis hotline or emergency services for urgent safety assessment and intervention; AI Reasoning: The presence of suicidal thoughts, failed attempts to cut down substance use, tolerance, cravings, and impaired functioning indicate a severe substance use disorder with acute safety risks requiring urgent intervention.",crisis
201,"A 41-year-old veteran is seeking help. He mentions experiencing chronic pain. For a few days, he has been experiencing withdrawal symptoms and failed attempts to cut down. He also reports cravings, emotional distress from relationships. This has resulted in minimal impact on daily activities. He wants to know what kind of help would be most appropriate.",Low,"AI Severity: Moderate; AI Concern: Substance use concerns; AI Recommendations: Referral to a specialized addiction treatment program or counselor with experience in veteran populations, Evaluation for integrated pain management and mental health support to address chronic pain and emotional distress; AI Reasoning: Withdrawal symptoms, failed attempts to cut down, and cravings indicate moderate substance use concerns, while chronic pain and relationship distress suggest a need for comprehensive support.",low
202,"A 38-year-old small business owner is seeking help. She mentions experiencing stress. For several weeks, she has been experiencing tolerance and withdrawal symptoms. She also reports using to cope, increased substance use, failed attempts to cut down. This has resulted in some difficulty with work/school or relationships. She is unsure whether professional help is needed.",Moderate,"AI Severity: High; AI Concern: Substance use concerns; AI Recommendations: Refer to a licensed addiction specialist or substance use disorder treatment program for evaluation and intervention, Encourage participation in support groups (e.g., SMART Recovery, 12-step programs) alongside professional treatment; AI Reasoning: The presence of tolerance, withdrawal, failed attempts to cut down, and functional impairment (work/relationships) indicates a likely substance use disorder requiring professional intervention.",moderate
203,"A 30-year-old healthcare worker is seeking help. She mentions experiencing peer pressure. For several months, she has been experiencing neglecting responsibilities and cravings. She also reports using to cope, withdrawal symptoms, tolerance. This has resulted in significant impairment in multiple areas. She is looking for guidance on what to do next.",High,"AI Severity: High; AI Concern: Substance use concerns; AI Recommendations: Seek immediate evaluation by an addiction specialist or mental health professional for substance use disorder assessment, Consider contacting a local support group (e.g., SMART Recovery or 12-step programs) for peer support and coping strategies; AI Reasoning: The presence of cravings, withdrawal symptoms, tolerance, and significant impairment across multiple areas strongly indicates a substance use disorder requiring professional intervention.",high
204,"A 28-year-old teacher is seeking help. He mentions experiencing divorce/breakup. For 2 months, he has been experiencing emotional distress from relationships and resentment. He also reports communication problems, trust issues, relationship conflict. This has resulted in significant impairment in multiple areas. He is looking for guidance on what to do next.",High,"AI Severity: Moderate; AI Concern: Relationship/interpersonal issues; AI Recommendations: Short-term individual counseling or therapy to address emotional distress and relationship patterns, Consider couples or communication-focused therapy if reconciliation or future relationship improvement is desired; AI Reasoning: The individual reports significant impairment in multiple areas due to relationship conflict and emotional distress, but no immediate safety concerns or severe psychiatric symptoms are indicated.",high
205,"A 41-year-old veteran is seeking help. He mentions experiencing relocation. For 3 weeks, he has been experiencing anxiety about future and feeling overwhelmed. He also reports uncertainty, stress from change, difficulty coping. This has resulted in some difficulty with work/school or relationships. He is asking for recommendations on how to proceed.",Moderate,"AI Severity: Moderate; AI Concern: Adjustment/life transitions; AI Recommendations: Consider short-term counseling or therapy to develop coping strategies for adjustment-related stress and anxiety, Explore veteran-specific mental health resources or support groups to address relocation challenges; AI Reasoning: The symptoms align with adjustment disorder due to recent relocation, with moderate impact on functioning but no immediate crisis indicators.",moderate
206,"A 22-year-old college student is seeking help. They mentions experiencing workplace conflicts. For on and off for 2 weeks, they has been experiencing loneliness and resentment. They also reports emotional distress from relationships. This has resulted in minimal impact on daily activities. They is asking for recommendations on how to proceed.",Low,"AI Severity: Moderate; AI Concern: Relationship/interpersonal issues; AI Recommendations: Consider short-term counseling or therapy to address workplace conflicts and relationship distress, Explore campus mental health resources or support groups for social connection and coping strategies; AI Reasoning: The symptoms (loneliness, resentment, emotional distress) are notable but have minimal impact on daily functioning, suggesting moderate severity. The primary concern stems from interpersonal stressors, which may benefit from professional support.",low
207,"A 28-year-old teacher is seeking help. He mentions experiencing work pressure. For recent days, he has been experiencing racing thoughts and excessive worry. He also reports avoidance behaviors, difficulty relaxing, panic attacks. This has resulted in unable to function normally. He has mentioned severe substance use. He is asking for recommendations on how to proceed.",Crisis,"AI Severity: Crisis; AI Concern: Anxiety disorders; AI Recommendations: Seek immediate professional help (e.g., crisis hotline, emergency psychiatric evaluation) due to panic attacks, severe substance use, and inability to function, Contact a mental health professional for urgent assessment and intervention, including potential substance use treatment; AI Reasoning: The combination of racing thoughts, panic attacks, severe substance use, and functional impairment indicates an acute crisis requiring urgent intervention to ensure safety and stabilization.",crisis
208,"A 52-year-old manager is seeking help. He mentions experiencing job change. For several months, he has been experiencing uncertainty and stress from change. He also reports feeling overwhelmed, sense of loss, difficulty coping. This has resulted in significant impairment in multiple areas. He is unsure whether professional help is needed.",High,"AI Severity: Moderate; AI Concern: Adjustment/life transitions; AI Recommendations: Encourage professional counseling (e.g., cognitive-behavioral therapy) to address stress and coping strategies, Suggest workplace support resources or stress management techniques (e.g., mindfulness, time management); AI Reasoning: The individual exhibits notable symptoms (overwhelm, sense of loss, impaired functioning) tied to a job change, indicating an adjustment disorder with moderate impact on daily life.",high
209,"A 45-year-old parent is seeking help. They mentions experiencing chronic pain. For on and off for 2 weeks, they has been experiencing cravings and increased substance use. This has resulted in minimal impact on daily activities. They is looking for guidance on what to do next.",Low,"AI Severity: Moderate; AI Concern: Substance use concerns; AI Recommendations: Consult a healthcare provider or addiction specialist for an evaluation of substance use patterns and potential underlying causes (e.g., chronic pain management)., Explore counseling or support groups (e.g., SMART Recovery or 12-step programs) to address cravings and develop coping strategies.; AI Reasoning: The individual reports increased substance use with cravings for 2 weeks, though minimal functional impairment is noted. Chronic pain may contribute, warranting professional assessment to prevent escalation.",low
210,"A 28-year-old teacher is seeking help. He mentions experiencing isolation. For lately, he has been experiencing hopelessness and worthlessness. He also reports persistent sadness, low energy, changes in sleep. This has resulted in unable to function normally. He has mentioned self-harm. He is asking for recommendations on how to proceed.",Crisis,"AI Severity: Crisis; AI Concern: Depression/Mood disorders; AI Recommendations: Seek immediate professional help (e.g., crisis hotline, emergency psychiatric services, or a mental health professional) due to self-harm mentions and inability to function, Encourage reaching out to a trusted person for support and safety planning until professional help is available; AI Reasoning: The presence of self-harm, persistent hopelessness, worthlessness, and functional impairment indicates a severe depressive episode with urgent safety risks requiring immediate intervention.",crisis
211,"A 35-year-old working professional is seeking help. She mentions experiencing loss of loved one. For a month, she has been experiencing irritability and avoidance of reminders. She also reports hypervigilance, startle response, flashbacks. This has resulted in some difficulty with work/school or relationships. She is asking for recommendations on how to proceed.",Moderate,"AI Severity: High; AI Concern: Trauma/PTSD; AI Recommendations: Seek evaluation by a mental health professional (e.g., psychologist or psychiatrist) specializing in trauma/PTSD for evidence-based treatment (e.g., trauma-focused CBT or EMDR), Consider short-term work/school accommodations if symptoms significantly impair functioning, and explore support groups for grief/trauma; AI Reasoning: Symptoms (flashbacks, hypervigilance, avoidance, irritability) persisting for a month post-loss with functional impairment strongly suggest PTSD or complicated grief, warranting professional intervention.",moderate
212,"A 26-year-old graduate student is seeking help. They mentions experiencing family history. For several weeks, they has been experiencing increased substance use and neglecting responsibilities. They also reports tolerance, using to cope, withdrawal symptoms. This has resulted in some difficulty with work/school or relationships. They is unsure whether professional help is needed.",Moderate,"AI Severity: High; AI Concern: Substance use concerns; AI Recommendations: Encourage immediate consultation with a mental health professional specializing in substance use disorders, Suggest evaluation for potential co-occurring mood or anxiety disorders given family history and coping patterns; AI Reasoning: The reported symptoms (tolerance, withdrawal, using to cope, functional impairment) strongly indicate a substance use disorder requiring professional intervention, with potential secondary concerns due to family history and coping mechanisms.",moderate
213,"A 22-year-old college student is seeking help. They mentions experiencing retirement. For a few days, they has been experiencing sense of loss and anxiety about future. They also reports social withdrawal. This has resulted in minimal impact on daily activities. They is looking for guidance on what to do next.",Low,"AI Severity: Moderate; AI Concern: Adjustment/life transitions; AI Recommendations: Encourage the student to engage in self-help strategies such as mindfulness, journaling, or light physical activity to manage anxiety and sense of loss., Recommend scheduling an appointment with a campus counseling service or mental health professional to explore coping strategies and support for life transitions.; AI Reasoning: The student's symptoms (sense of loss, anxiety, social withdrawal) are notable but minimally impacting daily activities, suggesting a moderate adjustment reaction to a life transition. Professional counseling would be beneficial for support.",low
214,"A 35-year-old working professional is seeking help. She mentions experiencing empty nest. For 2 months, she has been experiencing uncertainty and stress from change. She also reports feeling overwhelmed, difficulty coping, anxiety about future. This has resulted in significant impairment in multiple areas. She is unsure whether professional help is needed.",High,"AI Severity: Moderate; AI Concern: Adjustment/life transitions; AI Recommendations: Short-term counseling or therapy to address adjustment difficulties and develop coping strategies, Encourage self-care practices (e.g., mindfulness, exercise, social support) to manage stress and anxiety; AI Reasoning: The individual exhibits notable symptoms of stress and anxiety related to a significant life transition (empty nest), with impairment in functioning, but no immediate safety concerns or severe symptoms warranting crisis intervention.",high
215,"A 52-year-old manager is seeking help. He mentions experiencing divorce/breakup. For several months, he has been experiencing relationship conflict and loneliness. He also reports emotional distress from relationships, trust issues, communication problems. This has resulted in significant impairment in multiple areas. He is unsure whether professional help is needed.",High,"AI Severity: Moderate; AI Concern: Relationship/interpersonal issues; AI Recommendations: Consider individual counseling to address trust issues, communication problems, and emotional distress related to the breakup/divorce, Explore support groups for individuals experiencing relationship transitions or loneliness; AI Reasoning: The patient reports significant impairment in multiple areas due to relationship conflict, loneliness, and emotional distress, indicating a need for professional support, though no immediate crisis is evident.",high
216,"A 19-year-old university freshman is seeking help. She mentions experiencing other mental health issues. For the past week, she has been experiencing neglecting responsibilities and withdrawal symptoms. She also reports increased substance use, failed attempts to cut down, tolerance. This has resulted in unable to function normally. She has mentioned psychotic symptoms. She is looking for guidance on what to do next.",Crisis,"AI Severity: Crisis; AI Concern: Substance use concerns; AI Recommendations: Seek immediate professional evaluation (e.g., campus mental health services, emergency psychiatric assessment) due to psychotic symptoms and functional impairment, Contact a trusted person (e.g., family, friend) for support and safety monitoring until professional help is secured; AI Reasoning: The combination of psychotic symptoms, severe functional impairment, and substance use with failed attempts to cut down indicates an acute crisis requiring urgent intervention.",crisis
217,"A 19-year-old university freshman is seeking help. She mentions experiencing combat experience. For 3 months, she has been experiencing hypervigilance and startle response. She also reports flashbacks, emotional numbness, nightmares. This has resulted in significant impairment in multiple areas. She is looking for guidance on what to do next.",High,"AI Severity: High; AI Concern: Trauma/PTSD; AI Recommendations: Seek immediate evaluation by a mental health professional specializing in trauma/PTSD (e.g., psychologist, psychiatrist, or trauma-informed therapist), Contact university counseling services or a crisis hotline for urgent support and safety planning; AI Reasoning: The reported symptoms (hypervigilance, flashbacks, emotional numbness, nightmares, and functional impairment) align strongly with PTSD criteria, and the 3-month duration with significant impairment warrants prompt professional intervention.",high
218,"A 41-year-old veteran is seeking help. He mentions experiencing social situations. For 2 months, he has been experiencing panic attacks and avoidance behaviors. He also reports physical tension, difficulty relaxing, nervousness. This has resulted in significant impairment in multiple areas. He is unsure whether professional help is needed.",High,"AI Severity: High; AI Concern: Anxiety disorders; AI Recommendations: Urgent referral to a mental health professional (e.g., psychologist or psychiatrist) for evaluation and treatment, particularly for panic disorder or generalized anxiety, Consider trauma-informed care given veteran status, with possible PTSD screening; AI Reasoning: The presence of panic attacks, avoidance behaviors, and significant impairment across multiple areas for 2 months indicates a high-severity anxiety disorder, likely requiring professional intervention. Veteran status raises additional concern for trauma-related symptoms.",high
219,"A 35-year-old working professional is seeking help. She mentions experiencing health concerns. For about a week, she has been experiencing fear and restlessness. She also reports avoidance behaviors, physical tension, startle response. This has resulted in minimal impact on daily activities. She is asking for recommendations on how to proceed.",Low,"AI Severity: Moderate; AI Concern: Anxiety disorders; AI Recommendations: Consider short-term counseling or therapy (e.g., CBT) to address anxiety symptoms and coping strategies, Practice relaxation techniques (e.g., deep breathing, mindfulness) and gradual exposure to avoided situations if applicable; AI Reasoning: The reported symptoms (fear, restlessness, avoidance, physical tension, startle response) align with anxiety, and while daily functioning is minimally impacted, the distress warrants professional support.",low
220,"A 26-year-old graduate student is seeking help. They mentions experiencing friendship problems. For a few days, they has been experiencing anger and loneliness. This has resulted in minimal impact on daily activities. They is unsure whether professional help is needed.",Low,"AI Severity: Low; AI Concern: Relationship/interpersonal issues; AI Recommendations: Engage in self-help strategies such as journaling or mindfulness to process emotions, Consider reaching out to trusted friends or family for support before pursuing professional help; AI Reasoning: The symptoms are mild, situational, and have minimal impact on daily functioning, suggesting a low-severity interpersonal stressor rather than a clinical concern.",low
221,"A 22-year-old college student is seeking help. They mentions experiencing other mental health issues. For several months, they has been experiencing increased substance use and withdrawal symptoms. They also reports failed attempts to cut down, using to cope, neglecting responsibilities. This has resulted in significant impairment in multiple areas. They is looking for guidance on what to do next.",High,"AI Severity: High; AI Concern: Substance use concerns; AI Recommendations: Seek immediate evaluation by a licensed addiction specialist or mental health professional for substance use disorder assessment, Contact a local crisis hotline or university counseling center for urgent support and safety planning; AI Reasoning: The reported symptoms (withdrawal, failed attempts to cut down, use to cope, neglect of responsibilities, and significant impairment) strongly indicate a severe substance use disorder requiring professional intervention.",high
222,"A 52-year-old manager is seeking help. He mentions experiencing retirement. For 2 months, he has been experiencing uncertainty and stress from change. He also reports identity confusion, difficulty coping, anxiety about future. This has resulted in significant impairment in multiple areas. He is looking for guidance on what to do next.",High,"AI Severity: Moderate; AI Concern: Adjustment/life transitions; AI Recommendations: Short-term counseling or therapy to address identity confusion and coping strategies during retirement transition, Explore structured activities or volunteer work to rebuild purpose and social connections; AI Reasoning: The patient exhibits significant but non-crisis symptoms tied to a major life transition (retirement), with clear functional impairment but no immediate safety risks.",high
223,"A 28-year-old teacher is seeking help. He mentions experiencing workplace conflicts. For on and off for 2 weeks, he has been experiencing communication problems and emotional distress from relationships. He also reports loneliness. This has resulted in minimal impact on daily activities. He is unsure whether professional help is needed.",Low,"AI Severity: Moderate; AI Concern: Relationship/interpersonal issues; AI Recommendations: Consider short-term counseling or therapy to address workplace conflicts and emotional distress, Explore stress-management techniques and social support systems to mitigate loneliness; AI Reasoning: The individual reports notable emotional distress and communication problems affecting relationships, though daily functioning remains minimally impacted, suggesting moderate severity.",low
224,"A 26-year-old graduate student is seeking help. They mentions experiencing work pressure. For lately, they has been experiencing racing thoughts and fear. They also reports nervousness, restlessness, excessive worry. This has resulted in unable to function normally. They has mentioned severe substance use. They is unsure whether professional help is needed.",Crisis,"AI Severity: High; AI Concern: Anxiety disorders; AI Recommendations: Seek immediate evaluation by a mental health professional (e.g., psychiatrist or psychologist) for anxiety management and substance use assessment, Consider contacting a crisis hotline or emergency services if symptoms worsen or safety becomes a concern; AI Reasoning: The presence of racing thoughts, excessive worry, restlessness, and impaired functioning suggests severe anxiety, compounded by substance use, warranting urgent professional intervention.",crisis
225,"A 45-year-old parent is seeking help. They mentions experiencing recent accident. For recent days, they has been experiencing emotional numbness and flashbacks. They also reports nightmares, irritability, intrusive thoughts. This has resulted in unable to function normally. They has mentioned self-harm. They is unsure whether professional help is needed.",Crisis,"AI Severity: Crisis; AI Concern: Trauma/PTSD; AI Recommendations: Seek immediate professional help (e.g., crisis hotline, emergency mental health services, or therapist specializing in trauma), Ensure safety by removing access to means of self-harm and staying with a trusted person if possible; AI Reasoning: The presence of emotional numbness, flashbacks, nightmares, intrusive thoughts, and self-harm indicates severe trauma-related symptoms requiring urgent intervention.",crisis
226,"A 35-year-old working professional is seeking help. She mentions experiencing financial stress. For lately, she has been experiencing excessive worry and fear. She also reports restlessness, physical tension, difficulty relaxing. This has resulted in unable to function normally. She has mentioned suicidal thoughts. She is asking for recommendations on how to proceed.",Crisis,"AI Severity: Crisis; AI Concern: Anxiety disorders; AI Recommendations: Seek immediate professional help (e.g., crisis hotline, emergency psychiatric services, or a mental health professional) due to suicidal thoughts and impaired functioning, Contact a trusted person for support and ensure safety while accessing urgent care; AI Reasoning: The presence of suicidal thoughts, excessive worry, physical symptoms, and inability to function normally indicates an acute crisis requiring urgent intervention, despite the primary concern being anxiety-related.",crisis
227,"A 26-year-old graduate student is seeking help. They mentions experiencing friendship problems. For 3 weeks, they has been experiencing resentment and loneliness. They also reports anger, emotional distress from relationships, social withdrawal. This has resulted in some difficulty with work/school or relationships. They wants to know what kind of help would be most appropriate.",Moderate,"AI Severity: Moderate; AI Concern: Relationship/interpersonal issues; AI Recommendations: Short-term counseling or therapy (e.g., CBT or interpersonal therapy) to address relationship distress and emotional regulation, Encourage social reconnection through structured activities or support groups to reduce withdrawal; AI Reasoning: The symptoms (resentment, loneliness, anger, social withdrawal) are notable but not severe, with clear interpersonal triggers and moderate functional impairment, warranting professional support.",moderate
228,"A 38-year-old small business owner is seeking help. She mentions experiencing friendship problems. For a few days, she has been experiencing relationship conflict and resentment. She also reports anger, loneliness, hopelessness. This has resulted in minimal impact on daily activities. She is looking for guidance on what to do next.",Low,"AI Severity: Moderate; AI Concern: Relationship/interpersonal issues; AI Recommendations: Consider short-term counseling or therapy to address relationship conflicts and emotional distress, Explore stress-management techniques (e.g., mindfulness, journaling) to cope with anger and loneliness; AI Reasoning: The individual reports notable emotional symptoms (anger, loneliness, hopelessness) linked to interpersonal conflict, though daily functioning remains minimally impacted, suggesting moderate severity.",low
229,"A 19-year-old university freshman is seeking help. She mentions experiencing health concerns. For several weeks, she has been experiencing restlessness and difficulty relaxing. She also reports racing thoughts, excessive worry, avoidance of reminders. This has resulted in some difficulty with work/school or relationships. She is asking for recommendations on how to proceed.",Moderate,"AI Severity: Moderate; AI Concern: Anxiety disorders; AI Recommendations: Schedule an appointment with a campus counseling center or mental health professional for evaluation and potential therapy (e.g., CBT), Practice self-help strategies such as mindfulness, relaxation techniques, and gradual exposure to avoided reminders; AI Reasoning: The reported symptoms (restlessness, racing thoughts, excessive worry, avoidance, and functional impairment) align with generalized anxiety or a related anxiety disorder, warranting professional support.",moderate
230,"A 41-year-old veteran is seeking help. He mentions experiencing retirement. For recent days, he has been experiencing difficulty coping and anxiety about future. He also reports stress from change, feeling overwhelmed, uncertainty. This has resulted in unable to function normally. He has mentioned self-harm. He is unsure whether professional help is needed.",Crisis,"AI Severity: Crisis; AI Concern: Adjustment/life transitions; AI Recommendations: Immediate contact with a crisis hotline or emergency mental health services due to self-harm mention, Urgent evaluation by a mental health professional (e.g., psychiatrist or psychologist) for safety assessment and intervention; AI Reasoning: The presence of self-harm ideation and inability to function normally indicates an acute safety risk, warranting immediate intervention despite the adjustment-related stressors.",crisis
231,"A 41-year-old veteran is seeking help. He mentions experiencing friendship problems. For a month, he has been experiencing loneliness and social withdrawal. He also reports resentment, emotional distress from relationships. This has resulted in some difficulty with work/school or relationships. He is asking for recommendations on how to proceed.",Moderate,"AI Severity: Moderate; AI Concern: Relationship/interpersonal issues; AI Recommendations: Encourage the individual to seek professional counseling (e.g., veteran-specific mental health services or general therapy) to address social withdrawal and emotional distress, Suggest participation in social support groups or veteran peer networks to reduce loneliness and improve interpersonal connections; AI Reasoning: The veteran exhibits persistent social withdrawal, loneliness, and relationship-related distress impacting functioning, warranting structured support but without immediate crisis indicators.",moderate
232,"A 41-year-old veteran is seeking help. He mentions experiencing past traumatic event. For several weeks, he has been experiencing flashbacks and nightmares. He also reports intrusive thoughts, emotional numbness, worthlessness. This has resulted in some difficulty with work/school or relationships. He is asking for recommendations on how to proceed.",Moderate,"AI Severity: High; AI Concern: Trauma/PTSD; AI Recommendations: Seek evaluation by a mental health professional specializing in trauma/PTSD (e.g., trauma-focused CBT or EMDR therapist), Contact the Veterans Crisis Line or local VA mental health services for immediate support and resources; AI Reasoning: The veteran exhibits hallmark PTSD symptoms (flashbacks, nightmares, intrusive thoughts, emotional numbness) with functional impairment, warranting professional intervention. Military service history increases risk for trauma-related disorders.",moderate
233,"A 28-year-old teacher is seeking help. He mentions experiencing chronic pain. For lately, he has been experiencing failed attempts to cut down and cravings. He also reports tolerance, withdrawal symptoms, neglecting responsibilities. This has resulted in unable to function normally. He has mentioned self-harm. He wants to know what kind of help would be most appropriate.",Crisis,"AI Severity: Crisis; AI Concern: Substance use concerns; AI Recommendations: Immediate referral to a specialized addiction treatment program or crisis intervention service, Urgent psychiatric evaluation for safety assessment (self-harm risk) and potential detoxification support; AI Reasoning: The presence of chronic pain, failed attempts to cut down, cravings, tolerance, withdrawal, neglect of responsibilities, and self-harm indicates severe substance use disorder with acute safety risks requiring urgent intervention.",crisis
234,"A 26-year-old graduate student is seeking help. They mentions experiencing loss of loved one. For about a week, they has been experiencing nightmares and intrusive thoughts. They also reports avoidance behaviors. This has resulted in minimal impact on daily activities. They wants to know what kind of help would be most appropriate.",Low,"AI Severity: Moderate; AI Concern: Trauma/PTSD; AI Recommendations: Short-term trauma-focused counseling or therapy (e.g., CBT or EMDR) to address intrusive thoughts and avoidance behaviors, Self-help strategies such as mindfulness or grounding techniques to manage nightmares and distressing thoughts; AI Reasoning: The symptoms (nightmares, intrusive thoughts, avoidance) align with acute stress reactions or early PTSD following a loss, though daily functioning remains minimally impacted, suggesting moderate severity.",low
235,"A 45-year-old parent is seeking help. They mentions experiencing recent accident. For recent days, they has been experiencing hypervigilance and intrusive thoughts. They also reports avoidance of reminders, flashbacks, irritability. This has resulted in unable to function normally. They has mentioned suicidal thoughts. They is asking for recommendations on how to proceed.",Crisis,"AI Severity: Crisis; AI Concern: Trauma/PTSD; AI Recommendations: Seek immediate professional help (e.g., crisis hotline, emergency psychiatric services, or nearest ER) due to suicidal thoughts and severe functional impairment, Contact a trauma-specialized therapist or PTSD treatment program for evidence-based interventions (e.g., EMDR, CBT); AI Reasoning: The presence of suicidal thoughts, hypervigilance, intrusive thoughts, flashbacks, and functional impairment strongly indicates acute PTSD with crisis-level risk requiring urgent intervention.",crisis
236,"A 26-year-old graduate student is seeking help. They mentions experiencing chronic stress. For recent days, they has been experiencing low energy and loss of interest in activities. They also reports difficulty concentrating, fatigue, changes in sleep. This has resulted in unable to function normally. They has mentioned suicidal thoughts. They is unsure whether professional help is needed.",Crisis,"AI Severity: Crisis; AI Concern: Depression/Mood disorders; AI Recommendations: Seek immediate professional help (e.g., crisis hotline, emergency mental health services, or a trusted healthcare provider), Reach out to a trusted person for support and safety planning; AI Reasoning: The presence of suicidal thoughts, combined with significant functional impairment (low energy, loss of interest, concentration difficulties, and sleep changes), indicates a crisis-level risk requiring urgent intervention.",crisis
237,"A 45-year-old parent is seeking help. They mentions experiencing loss of loved one. For about a week, they has been experiencing intrusive thoughts and nightmares. They also reports flashbacks. This has resulted in minimal impact on daily activities. They is asking for recommendations on how to proceed.",Low,"AI Severity: Moderate; AI Concern: Trauma/PTSD; AI Recommendations: Seek trauma-focused counseling (e.g., CBT or EMDR) to address intrusive thoughts, nightmares, and flashbacks, Practice grounding techniques (e.g., 5-4-3-2-1 method) to manage distressing symptoms in the short term; AI Reasoning: The presence of intrusive thoughts, nightmares, and flashbacks following a loss suggests acute stress/trauma symptoms, though daily functioning remains minimally impacted, warranting professional support.",low
238,"A 38-year-old small business owner is seeking help. She mentions experiencing family conflict. For a month, she has been experiencing social withdrawal and trust issues. She also reports emotional distress from relationships, relationship conflict, loneliness. This has resulted in some difficulty with work/school or relationships. She is looking for guidance on what to do next.",Moderate,"AI Severity: Moderate; AI Concern: Relationship/interpersonal issues; AI Recommendations: Consider short-term individual counseling or therapy to address trust issues, emotional distress, and relationship conflicts, Explore support groups or workshops focused on interpersonal skills and conflict resolution; AI Reasoning: The reported symptoms (social withdrawal, trust issues, relationship conflict, and loneliness) are significantly impacting functioning but do not indicate immediate safety concerns or severe impairment.",moderate
239,"A 41-year-old veteran is seeking help. He mentions experiencing peer pressure. For on and off for 2 weeks, he has been experiencing tolerance and withdrawal symptoms. He also reports failed attempts to cut down, neglecting responsibilities, feeling overwhelmed. This has resulted in minimal impact on daily activities. He is asking for recommendations on how to proceed.",Low,"AI Severity: High; AI Concern: Substance use concerns; AI Recommendations: Encourage immediate consultation with a mental health professional specializing in substance use disorders and veteran-specific care, Provide resources for evidence-based treatment programs (e.g., VA substance use programs, SMART Recovery, or 12-step groups); AI Reasoning: The presence of tolerance, withdrawal, failed attempts to cut down, and neglect of responsibilities strongly indicates a substance use disorder requiring professional intervention, especially given the veteran's background.",low
240,"A 45-year-old parent is seeking help. They mentions experiencing social situations. For on and off for 2 weeks, they has been experiencing difficulty relaxing and physical tension. They also reports nervousness, panic attacks. This has resulted in minimal impact on daily activities. They is asking for recommendations on how to proceed.",Low,"AI Severity: Moderate; AI Concern: Anxiety disorders; AI Recommendations: Consider short-term counseling or therapy (e.g., CBT) to address anxiety and panic attacks, Practice relaxation techniques (e.g., deep breathing, mindfulness) and monitor symptoms for worsening; AI Reasoning: The presence of panic attacks, nervousness, and physical tension for 2 weeks, even with minimal impact on daily activities, suggests moderate anxiety that would benefit from professional support.",low
241,"A 52-year-old manager is seeking help. He mentions experiencing recent loss. For 2 months, he has been experiencing changes in appetite and worthlessness. He also reports low energy, persistent sadness, changes in sleep. This has resulted in significant impairment in multiple areas. He is asking for recommendations on how to proceed.",High,"AI Severity: High; AI Concern: Depression/Mood disorders; AI Recommendations: Seek evaluation by a mental health professional (psychiatrist or psychologist) for potential diagnosis and treatment (e.g., therapy, medication), Encourage immediate support from a trusted person or crisis line if feelings of worthlessness worsen or suicidal ideation emerges; AI Reasoning: The reported symptoms (persistent sadness, worthlessness, appetite/sleep changes, low energy, and functional impairment for 2+ months) align strongly with major depressive disorder, warranting professional intervention.",high
242,"A 35-year-old working professional is seeking help. She mentions experiencing family conflict. For on and off for 2 weeks, she has been experiencing emotional distress from relationships and anger. She also reports loss of interest in activities. This has resulted in minimal impact on daily activities. She is unsure whether professional help is needed.",Low,"AI Severity: Moderate; AI Concern: Relationship/interpersonal issues; AI Recommendations: Consider short-term counseling or therapy to address family conflict and emotional distress, Engage in self-help strategies such as mindfulness, journaling, or support groups to manage symptoms; AI Reasoning: The individual reports persistent emotional distress and loss of interest for 2 weeks, with minimal but present impact on daily functioning, suggesting moderate severity that could benefit from professional support.",low
243,"A 45-year-old parent is seeking help. They mentions experiencing other mental health issues. For several months, they has been experiencing tolerance and using to cope. They also reports failed attempts to cut down, withdrawal symptoms, increased substance use. This has resulted in significant impairment in multiple areas. They is asking for recommendations on how to proceed.",High,"AI Severity: High; AI Concern: Substance use concerns; AI Recommendations: Seek immediate evaluation by an addiction specialist or mental health professional for a comprehensive assessment and treatment plan (e.g., detox, rehabilitation, or intensive outpatient programs)., Contact a local crisis hotline or support group (e.g., SMART Recovery, Alcoholics Anonymous, or Narcotics Anonymous) for immediate guidance and peer support.; AI Reasoning: The individual exhibits multiple signs of a substance use disorder (tolerance, withdrawal, failed attempts to cut down, increased use, and significant impairment), indicating a high level of severity requiring urgent professional intervention.",high
244,"A 22-year-old college student is seeking help. They mentions experiencing retirement. For 3 weeks, they has been experiencing uncertainty and sense of loss. They also reports stress from change, feeling overwhelmed, difficulty coping. This has resulted in some difficulty with work/school or relationships. They wants to know what kind of help would be most appropriate.",Moderate,"AI Severity: Moderate; AI Concern: Adjustment/life transitions; AI Recommendations: Short-term counseling or therapy to address coping strategies and adjustment difficulties, Stress management techniques (e.g., mindfulness, time management workshops); AI Reasoning: The individual is experiencing notable distress and functional impairment due to a recent life transition, but symptoms do not suggest a crisis or severe disorder. Professional support is beneficial but not urgent.",moderate
245,"A 52-year-old manager is seeking help. He mentions experiencing job change. For recent days, he has been experiencing feeling overwhelmed and difficulty coping. He also reports identity confusion, uncertainty, stress from change. This has resulted in unable to function normally. He has mentioned self-harm. He is asking for recommendations on how to proceed.",Crisis,"AI Severity: Crisis; AI Concern: Depression/Mood disorders; AI Recommendations: Seek immediate professional help (e.g., crisis hotline, emergency mental health services) due to self-harm mention, Encourage contact with a trusted person for support and safety planning; AI Reasoning: The presence of self-harm, inability to function normally, and acute distress during a life transition indicate an urgent safety risk requiring immediate intervention.",crisis
246,"A 26-year-old graduate student is seeking help. They mentions experiencing family conflict. For about a week, they has been experiencing loneliness and relationship conflict. This has resulted in minimal impact on daily activities. They is looking for guidance on what to do next.",Low,"AI Severity: Low; AI Concern: Relationship/interpersonal issues; AI Recommendations: Engage in self-help resources (e.g., books, online articles) on communication and conflict resolution, Consider short-term counseling or workshops focused on relationship skills if distress persists; AI Reasoning: The symptoms are recent (1 week), situational (family/relationship conflict), and have minimal impact on daily functioning, suggesting low severity.",low
247,"A 19-year-old university freshman is seeking help. She mentions experiencing loss of loved one. For recent days, she has been experiencing startle response and emotional numbness. She also reports irritability, hypervigilance, intrusive thoughts. This has resulted in unable to function normally. She has mentioned self-harm. She is unsure whether professional help is needed.",Crisis,"AI Severity: Crisis; AI Concern: Trauma/PTSD; AI Recommendations: Immediate referral to a mental health professional or crisis hotline for safety assessment and intervention due to self-harm risk, Encourage reaching out to a trusted support person (e.g., family, friend, or campus counseling) for immediate emotional support; AI Reasoning: The combination of recent loss, hypervigilance, intrusive thoughts, emotional numbness, and self-harm indicates acute trauma-related distress with imminent safety risks, warranting urgent intervention.",crisis
248,"A 38-year-old small business owner is seeking help. She mentions experiencing past traumatic event. For 3 weeks, she has been experiencing intrusive thoughts and irritability. She also reports hypervigilance, emotional numbness. This has resulted in some difficulty with work/school or relationships. She is looking for guidance on what to do next.",Moderate,"AI Severity: High; AI Concern: Trauma/PTSD; AI Recommendations: Seek evaluation by a mental health professional specializing in trauma (e.g., EMDR or trauma-focused CBT therapist) within the next 1-2 weeks, Consider contacting a crisis line or support group for trauma survivors if symptoms worsen or safety concerns arise; AI Reasoning: The combination of intrusive thoughts, hypervigilance, emotional numbness, and functional impairment following a traumatic event strongly suggests PTSD, which typically requires professional intervention.",moderate
249,"A 19-year-old university freshman is seeking help. She mentions experiencing family history. For several months, she has been experiencing increased substance use and tolerance. She also reports neglecting responsibilities, failed attempts to cut down, withdrawal symptoms. This has resulted in significant impairment in multiple areas. She is asking for recommendations on how to proceed.",High,"AI Severity: High; AI Concern: Substance use concerns; AI Recommendations: Immediate referral to a specialized addiction treatment program or counselor for substance use disorder evaluation, Encourage engagement with university health services or a mental health professional for comprehensive assessment and support; AI Reasoning: The reported symptoms (increased tolerance, withdrawal, failed attempts to cut down, neglect of responsibilities, and significant impairment) strongly indicate a severe substance use disorder requiring urgent professional intervention.",high
250,"A 26-year-old graduate student is seeking help. They mentions experiencing recent loss. For a few days, they has been experiencing worthlessness and changes in appetite. They also reports low energy. This has resulted in minimal impact on daily activities. They is asking for recommendations on how to proceed.",Low,"AI Severity: Moderate; AI Concern: Depression/Mood disorders; AI Recommendations: Schedule an appointment with a mental health professional (e.g., counselor or therapist) for evaluation and support, Engage in self-care practices (e.g., regular sleep, balanced meals, light exercise) and monitor symptoms for worsening; AI Reasoning: The reported symptoms (worthlessness, appetite changes, low energy) align with depressive features, though daily functioning remains minimally impacted, suggesting moderate severity. Recent loss may be a contributing factor.",low
